-- phpMyAdmin SQL Dump
-- version 4.9.5
-- https://www.phpmyadmin.net/
--
-- Host: localhost:3306
-- Generation Time: Dec 01, 2020 at 12:18 AM
-- Server version: 10.3.25-MariaDB
-- PHP Version: 7.3.6

SET SQL_MODE = "NO_AUTO_VALUE_ON_ZERO";
SET AUTOCOMMIT = 0;
START TRANSACTION;
SET time_zone = "+00:00";


/*!40101 SET @OLD_CHARACTER_SET_CLIENT=@@CHARACTER_SET_CLIENT */;
/*!40101 SET @OLD_CHARACTER_SET_RESULTS=@@CHARACTER_SET_RESULTS */;
/*!40101 SET @OLD_COLLATION_CONNECTION=@@COLLATION_CONNECTION */;
/*!40101 SET NAMES utf8mb4 */;

--
-- Database: `saudaexp_live`
--

-- --------------------------------------------------------

--
-- Table structure for table `company_information`
--

CREATE TABLE `company_information` (
  `company_id` varchar(250) NOT NULL,
  `company_name` varchar(50) NOT NULL,
  `email` varchar(50) NOT NULL,
  `address` text NOT NULL,
  `mobile` varchar(15) NOT NULL,
  `website` varchar(50) NOT NULL,
  `status` int(11) NOT NULL
) ENGINE=InnoDB DEFAULT CHARSET=utf8;

--
-- Dumping data for table `company_information`
--

INSERT INTO `company_information` (`company_id`, `company_name`, `email`, `address`, `mobile`, `website`, `status`) VALUES
('1', 'Grocery', 'grocery@grocer.com', 'Karachi Pakistan', '03451234567', 'https://www.grocery.com/', 1);

-- --------------------------------------------------------

--
-- Table structure for table `grocery_assistant`
--

CREATE TABLE `grocery_assistant` (
  `AssistantId` int(11) NOT NULL,
  `ProductId` int(11) NOT NULL,
  `CreatedOn` date NOT NULL,
  `ModifiedOn` date NOT NULL DEFAULT current_timestamp(),
  `Status` int(11) NOT NULL
) ENGINE=InnoDB DEFAULT CHARSET=utf8mb4;

--
-- Dumping data for table `grocery_assistant`
--

INSERT INTO `grocery_assistant` (`AssistantId`, `ProductId`, `CreatedOn`, `ModifiedOn`, `Status`) VALUES
(1, 6, '2020-07-30', '2020-07-30', 0),
(2, 7, '2020-07-30', '2020-07-30', 0),
(3, 1, '2020-07-30', '2020-07-30', 0),
(4, 6, '2020-07-31', '2020-07-31', 0),
(5, 10, '2020-07-31', '2020-07-31', 0),
(6, 16, '2020-07-31', '2020-07-31', 1),
(7, 5, '2020-07-31', '2020-07-31', 1),
(8, 10, '2020-08-04', '2020-08-04', 1),
(9, 2, '2020-08-04', '2020-08-04', 1),
(10, 16, '2020-08-04', '2020-08-04', 1),
(11, 3, '2020-08-04', '2020-08-04', 1),
(12, 1, '2020-08-04', '2020-08-04', 1),
(13, 7, '2020-08-10', '2020-08-11', 1),
(14, 1, '2020-08-10', '2020-08-11', 1),
(15, 11, '2020-08-10', '2020-08-11', 0),
(16, 2, '2020-08-10', '2020-08-11', 1),
(17, 24, '2020-09-05', '2020-09-05', 1),
(18, 43, '2020-09-16', '2020-09-16', 0),
(19, 46, '2020-09-16', '2020-09-16', 0),
(20, 44, '2020-09-16', '2020-09-16', 0),
(21, 38, '2020-09-16', '2020-09-16', 0),
(22, 38, '2020-09-18', '2020-09-18', 0),
(23, 42, '2020-09-18', '2020-09-18', 0),
(24, 44, '2020-09-18', '2020-09-18', 0),
(25, 40, '2020-09-18', '2020-09-18', 0),
(26, 56, '2020-09-18', '2020-09-18', 0),
(27, 51, '2020-09-20', '2020-09-20', 0),
(28, 52, '2020-09-20', '2020-09-20', 0),
(29, 64, '2020-09-20', '2020-09-20', 0),
(30, 65, '2020-09-20', '2020-09-20', 0),
(31, 67, '2020-09-20', '2020-09-20', 0),
(32, 68, '2020-09-20', '2020-09-20', 0),
(33, 70, '2020-09-20', '2020-09-20', 0),
(34, 71, '2020-09-20', '2020-09-20', 0),
(35, 66, '2020-09-20', '2020-09-20', 0),
(36, 72, '2020-09-20', '2020-09-20', 0),
(37, 69, '2020-09-20', '2020-09-20', 0),
(38, 38, '2020-09-21', '2020-09-21', 0),
(39, 40, '2020-09-21', '2020-09-21', 0),
(40, 41, '2020-09-21', '2020-09-21', 0),
(41, 57, '2020-09-21', '2020-09-21', 0),
(42, 51, '2020-09-21', '2020-09-21', 0),
(43, 52, '2020-09-21', '2020-09-21', 0),
(44, 68, '2020-09-21', '2020-09-21', 0),
(45, 69, '2020-09-21', '2020-09-21', 0),
(46, 70, '2020-09-21', '2020-09-21', 0),
(47, 71, '2020-09-21', '2020-09-21', 0),
(48, 72, '2020-09-21', '2020-09-21', 0),
(49, 61, '2020-09-21', '2020-09-21', 0),
(50, 57, '2020-09-23', '2020-09-23', 0),
(51, 40, '2020-09-23', '2020-09-23', 0),
(52, 41, '2020-09-23', '2020-09-23', 0),
(53, 38, '2020-09-23', '2020-09-23', 0),
(54, 60, '2020-09-23', '2020-09-23', 0),
(55, 61, '2020-09-23', '2020-09-23', 0),
(56, 56, '2020-09-23', '2020-09-23', 0),
(57, 51, '2020-09-26', '2020-09-26', 0),
(58, 52, '2020-09-26', '2020-09-26', 0),
(59, 64, '2020-09-26', '2020-09-26', 0),
(60, 65, '2020-09-26', '2020-09-26', 0),
(61, 66, '2020-09-26', '2020-09-26', 0),
(62, 67, '2020-09-26', '2020-09-26', 0),
(63, 68, '2020-09-26', '2020-09-26', 0),
(64, 69, '2020-09-26', '2020-09-26', 0),
(65, 43, '2020-09-26', '2020-09-26', 0),
(66, 44, '2020-09-26', '2020-09-26', 0),
(67, 46, '2020-09-26', '2020-09-26', 0),
(68, 45, '2020-09-26', '2020-09-26', 1),
(69, 43, '2020-09-27', '2020-09-27', 0),
(70, 44, '2020-09-27', '2020-09-27', 0),
(71, 46, '2020-09-27', '2020-09-27', 0),
(72, 45, '2020-09-27', '2020-09-27', 1),
(73, 47, '2020-09-27', '2020-09-27', 0),
(74, 48, '2020-09-27', '2020-09-27', 0),
(75, 49, '2020-09-27', '2020-09-27', 0),
(76, 137, '2020-09-27', '2020-09-27', 0),
(77, 51, '2020-09-27', '2020-09-27', 0),
(78, 52, '2020-09-27', '2020-09-27', 0),
(79, 53, '2020-09-27', '2020-09-27', 0),
(80, 54, '2020-09-27', '2020-09-27', 0),
(81, 65, '2020-09-27', '2020-09-27', 0),
(82, 66, '2020-09-27', '2020-09-27', 0),
(83, 67, '2020-09-27', '2020-09-27', 0),
(84, 68, '2020-09-27', '2020-09-27', 0),
(85, 43, '2020-09-28', '2020-09-28', 0),
(86, 44, '2020-09-28', '2020-09-28', 0),
(87, 46, '2020-09-28', '2020-09-28', 0),
(88, 159, '2020-09-28', '2020-09-28', 0),
(89, 114, '2020-09-28', '2020-09-28', 0),
(90, 115, '2020-09-28', '2020-09-28', 0),
(91, 116, '2020-09-28', '2020-09-28', 0),
(92, 117, '2020-09-28', '2020-09-28', 0),
(93, 118, '2020-09-28', '2020-09-28', 0),
(94, 119, '2020-09-28', '2020-09-28', 0),
(95, 120, '2020-09-28', '2020-09-28', 0),
(96, 121, '2020-09-28', '2020-09-28', 0),
(97, 122, '2020-09-28', '2020-09-28', 0),
(98, 123, '2020-09-28', '2020-09-28', 0),
(99, 51, '2020-09-28', '2020-09-28', 0),
(100, 52, '2020-09-28', '2020-09-28', 0),
(101, 64, '2020-09-28', '2020-09-28', 0),
(102, 65, '2020-09-28', '2020-09-28', 0),
(103, 66, '2020-09-28', '2020-09-28', 0),
(104, 67, '2020-09-28', '2020-09-28', 0),
(105, 68, '2020-09-28', '2020-09-28', 0),
(106, 69, '2020-09-28', '2020-09-28', 0),
(107, 43, '2020-09-30', '2020-09-30', 0),
(108, 44, '2020-09-30', '2020-09-30', 0),
(109, 46, '2020-09-30', '2020-09-30', 0),
(110, 73, '2020-09-30', '2020-09-30', 0),
(111, 75, '2020-09-30', '2020-09-30', 0),
(112, 78, '2020-09-30', '2020-09-30', 0),
(113, 80, '2020-09-30', '2020-09-30', 0),
(114, 82, '2020-09-30', '2020-09-30', 0),
(115, 51, '2020-09-30', '2020-09-30', 0),
(116, 52, '2020-09-30', '2020-09-30', 0),
(117, 64, '2020-09-30', '2020-09-30', 0),
(118, 65, '2020-09-30', '2020-09-30', 0),
(119, 66, '2020-09-30', '2020-09-30', 0),
(120, 38, '2020-10-05', '2020-10-05', 0),
(121, 40, '2020-10-05', '2020-10-05', 0),
(122, 41, '2020-10-05', '2020-10-05', 0),
(123, 60, '2020-10-05', '2020-10-05', 0),
(124, 56, '2020-10-05', '2020-10-05', 0),
(125, 61, '2020-10-05', '2020-10-05', 0),
(126, 43, '2020-10-05', '2020-10-05', 1),
(127, 44, '2020-10-05', '2020-10-05', 1),
(128, 46, '2020-10-05', '2020-10-05', 1),
(129, 159, '2020-10-05', '2020-10-05', 1),
(130, 118, '2020-10-05', '2020-10-05', 1),
(131, 129, '2020-10-05', '2020-10-05', 1),
(132, 128, '2020-10-05', '2020-10-05', 1),
(133, 124, '2020-10-05', '2020-10-05', 1),
(134, 122, '2020-10-05', '2020-10-05', 1),
(135, 123, '2020-10-05', '2020-10-05', 1),
(136, 127, '2020-10-05', '2020-10-05', 1),
(137, 126, '2020-10-05', '2020-10-05', 1),
(138, 125, '2020-10-05', '2020-10-05', 1),
(139, 114, '2020-10-05', '2020-10-05', 1),
(140, 121, '2020-10-05', '2020-10-05', 1),
(141, 120, '2020-10-05', '2020-10-05', 1),
(142, 119, '2020-10-05', '2020-10-05', 1),
(143, 117, '2020-10-05', '2020-10-05', 1),
(144, 116, '2020-10-05', '2020-10-05', 1),
(145, 115, '2020-10-05', '2020-10-05', 1),
(146, 137, '2020-10-05', '2020-10-05', 1),
(147, 47, '2020-10-05', '2020-10-05', 1),
(148, 48, '2020-10-05', '2020-10-05', 1),
(149, 49, '2020-10-05', '2020-10-05', 1),
(150, 141, '2020-10-05', '2020-10-05', 1),
(151, 142, '2020-10-05', '2020-10-05', 1),
(152, 143, '2020-10-05', '2020-10-05', 1),
(153, 145, '2020-10-05', '2020-10-05', 1),
(154, 144, '2020-10-05', '2020-10-05', 1),
(155, 85, '2020-10-05', '2020-10-05', 1),
(156, 86, '2020-10-05', '2020-10-05', 1),
(157, 131, '2020-10-05', '2020-10-05', 1),
(158, 130, '2020-10-05', '2020-10-05', 1),
(159, 140, '2020-10-05', '2020-10-05', 1),
(160, 139, '2020-10-05', '2020-10-05', 1),
(161, 138, '2020-10-05', '2020-10-05', 1),
(162, 135, '2020-10-05', '2020-10-05', 1),
(163, 134, '2020-10-05', '2020-10-05', 1),
(164, 133, '2020-10-05', '2020-10-05', 1),
(165, 132, '2020-10-05', '2020-10-05', 1),
(166, 74, '2020-10-05', '2020-10-05', 1),
(167, 76, '2020-10-05', '2020-10-05', 1),
(168, 79, '2020-10-05', '2020-10-05', 1),
(169, 83, '2020-10-05', '2020-10-05', 1),
(170, 77, '2020-10-05', '2020-10-05', 1),
(171, 198, '2020-10-05', '2020-10-05', 1),
(172, 80, '2020-10-05', '2020-10-05', 1),
(173, 82, '2020-10-05', '2020-10-05', 1),
(174, 73, '2020-10-05', '2020-10-05', 1),
(175, 78, '2020-10-05', '2020-10-05', 1),
(176, 75, '2020-10-05', '2020-10-05', 1),
(177, 81, '2020-10-05', '2020-10-05', 1),
(178, 38, '2020-11-25', '2020-11-25', 1),
(179, 39, '2020-11-25', '2020-11-25', 1),
(180, 40, '2020-11-25', '2020-11-25', 1),
(181, 41, '2020-11-25', '2020-11-25', 1),
(182, 402, '2020-11-25', '2020-11-25', 1);

-- --------------------------------------------------------

--
-- Table structure for table `grocery_brand`
--

CREATE TABLE `grocery_brand` (
  `BrandId` int(11) NOT NULL,
  `BrandName` varchar(30) NOT NULL,
  `Alias` varchar(30) NOT NULL,
  `Img` varchar(70) NOT NULL DEFAULT 'img/brand/default.jpg	',
  `CreatedOn` datetime NOT NULL,
  `ModifiedOn` datetime NOT NULL DEFAULT current_timestamp(),
  `Status` bit(1) NOT NULL
) ENGINE=InnoDB DEFAULT CHARSET=utf8mb4;

--
-- Dumping data for table `grocery_brand`
--

INSERT INTO `grocery_brand` (`BrandId`, `BrandName`, `Alias`, `Img`, `CreatedOn`, `ModifiedOn`, `Status`) VALUES
(2, 'Nagori', 'Nagori', 'assets/img/brand/c2ec00c7d3f2513bf045b03e7bb0d2a4.png', '2020-07-15 11:10:00', '2020-07-15 02:10:00', b'0'),
(4, 'Dove', 'dove', 'assets/img/brand.jpg', '2020-09-02 18:09:14', '2020-09-02 14:09:14', b'1'),
(5, 'Unilever', 'unilever', 'assets/img/brand.jpg', '2020-09-02 18:12:22', '2020-09-02 14:12:22', b'0'),
(6, 'Reckitt', 'reckitt', 'assets/img/brand.jpg', '2020-09-02 18:12:36', '2020-09-02 14:12:36', b'1'),
(7, 'National', 'national', 'assets/img/brand.jpg', '2020-09-02 18:12:46', '2020-09-02 14:12:46', b'1'),
(8, 'Nestle', 'nestle', 'assets/img/brand.jpg', '2020-09-02 18:13:00', '2020-09-02 14:13:00', b'1'),
(9, 'Reckitt-Health', 'reckitt-health', 'assets/img/brand.jpg', '2020-09-02 18:13:19', '2020-09-02 14:13:19', b'1'),
(10, 'Peek Freans', 'peek Freans', 'assets/img/brand.jpg', '2020-09-02 18:13:35', '2020-09-02 14:13:35', b'1'),
(11, 'Mitchell\'s', 'Mitchell\'s', 'assets/img/brand.jpg', '2020-09-02 18:13:56', '2020-09-02 14:13:56', b'1'),
(12, 'Reckitt-RB-Hygiene', 'Reckitt-RB-Hygiene', 'assets/img/brand.jpg', '2020-09-02 18:14:16', '2020-09-02 14:14:16', b'1'),
(13, 'Dawn', 'Dawn', 'assets/img/brand.jpg', '2020-09-02 18:14:37', '2020-09-02 14:14:37', b'0'),
(14, 'Bake-Parlor', 'Bake-Parlor', 'assets/img/brand.jpg', '2020-09-02 18:14:46', '2020-09-02 14:14:46', b'1'),
(15, 'Dettol', 'Dettol', 'assets/img/brand.jpg', '2020-09-02 18:14:55', '2020-09-02 14:14:55', b'1'),
(16, 'K&N\'s', 'K&N\'s', 'assets/img/brand.jpg', '2020-09-02 18:15:04', '2020-09-02 14:15:04', b'1'),
(17, 'Kolson', 'Kolson', 'assets/img/brand.jpg', '2020-09-02 18:15:13', '2020-09-02 14:15:13', b'1'),
(18, 'Shezan', 'Shezan', 'assets/img/brand.jpg', '2020-09-02 18:15:21', '2020-09-02 14:15:21', b'1'),
(19, 'Bunnys', 'Bunnys', 'assets/img/brand.jpg', '2020-09-02 18:15:29', '2020-09-02 14:15:29', b'1'),
(20, 'Shangrila', 'Shangrila', 'assets/img/brand.jpg', '2020-09-02 18:15:38', '2020-09-02 14:15:38', b'1'),
(21, 'Rafhan', 'Rafhan', 'assets/img/brand.jpg', '2020-09-02 18:16:13', '2020-09-02 14:16:13', b'1'),
(22, 'English Biscuit Manufacturers', 'English Biscuit Manufacturers', 'assets/img/brand.jpg', '2020-09-02 18:17:37', '2020-09-02 14:17:37', b'1'),
(23, 'National Foods Limited', 'National Foods Limited', 'assets/img/brand.jpg', '2020-09-02 18:17:48', '2020-09-02 14:17:48', b'1'),
(24, 'Shan Foods', 'Shan Foods', 'assets/img/brand.jpg', '2020-09-02 18:18:07', '2020-09-02 14:18:07', b'1'),
(25, 'Gourmet Foods', 'Gourmet Foods', 'assets/img/brand.jpg', '2020-09-02 18:18:22', '2020-09-02 14:18:22', b'1'),
(26, 'Unilever Pakistan', 'Unilever Pakistan', 'assets/img/brand.jpg', '2020-09-02 18:18:43', '2020-09-02 14:18:43', b'1'),
(27, 'Tapal Tea', 'Tapal Tea', 'assets/img/brand.jpg', '2020-09-02 18:19:58', '2020-09-02 14:19:58', b'1'),
(28, 'Sauda Express', 'Sauda Express', 'assets/img/brand.jpg', '2020-09-04 12:36:11', '2020-09-04 08:36:11', b'1'),
(29, 'Al Khubz', 'Al Khubz', 'assets/img/brand/7cc4b5eb214b3bfd50dd1294cbd0bc06.jpg', '2020-09-04 14:03:48', '2020-09-04 10:03:48', b'0'),
(30, 'Guard Rice', 'Guard Rice', 'assets/img/brand/e0f330660f4a1dda809fcf74b137791a.jpg', '2020-09-04 14:20:58', '2020-09-04 10:20:58', b'1'),
(31, 'Sufi', 'Sufi', 'assets/img/brand.jpg', '2020-09-05 16:22:00', '2020-09-05 12:22:00', b'1'),
(32, 'Faisal Industries', 'Faisal Industries', 'assets/img/brand.jpg', '2020-09-15 14:02:58', '2020-09-15 10:02:58', b'1'),
(33, 'AA Chaki Atta', 'AA Chaki Atta', 'assets/img/brand.jpg', '2020-09-15 14:08:26', '2020-09-15 10:08:26', b'1'),
(34, 'Bake Parlour', 'Bake Parlour', 'assets/img/brand.jpg', '2020-09-15 14:23:08', '2020-09-15 10:23:08', b'1'),
(35, 'Sadi Foods', 'Sadi Foods', 'assets/img/brand.jpg', '2020-09-15 15:21:35', '2020-09-15 11:21:35', b'1'),
(36, 'Guard Super Basmati Rice', 'Guard Super Basmati Rice', 'assets/img/brand/dc784dd89731f6c08a8a7c73bfdb1e45.jpg', '2020-09-15 15:32:44', '2020-09-15 11:32:44', b'0'),
(37, 'Falakrice', 'Falakrice', 'assets/img/brand.jpg', '2020-09-15 15:42:35', '2020-09-15 11:42:35', b'1'),
(38, 'Guard Rice 1', 'Guard Rice 1', 'assets/img/brand.jpg', '2020-09-18 07:54:51', '2020-09-18 03:54:51', b'1'),
(39, 'Knorr', 'Knorr', 'assets/img/brand.jpg', '2020-09-18 10:08:18', '2020-09-18 06:08:18', b'1'),
(40, 'Ahmed', 'Ahmed', 'assets/img/brand.jpg', '2020-09-18 12:30:18', '2020-09-18 08:30:18', b'1'),
(41, 'Key', 'Key', 'assets/img/brand.jpg', '2020-09-21 14:17:47', '2020-09-21 10:17:47', b'1'),
(42, 'Salman\'s', 'Salman\'s', 'assets/img/brand.jpg', '2020-09-21 14:40:15', '2020-09-21 10:40:15', b'1'),
(43, 'Olpers', 'Olpers', 'assets/img/brand.jpg', '2020-09-21 15:31:14', '2020-09-21 11:31:14', b'1'),
(44, 'Adam\'s', 'Adam\'s', 'assets/img/brand.jpg', '2020-09-21 15:33:34', '2020-09-21 11:33:34', b'1'),
(45, 'Dalda', 'Dalda', 'assets/img/brand.jpg', '2020-09-26 12:21:16', '2020-09-26 08:21:16', b'1'),
(46, 'Soya Supreme', 'Soya Supreme', 'assets/img/brand.jpg', '2020-09-26 15:56:15', '2020-09-26 11:56:15', b'1'),
(47, 'Canolive', 'Canolive', 'assets/img/brand.jpg', '2020-09-26 16:41:43', '2020-09-26 12:41:43', b'1'),
(48, 'Habib', 'Habib', 'assets/img/brand.jpg', '2020-09-26 17:17:43', '2020-09-26 13:17:43', b'1'),
(49, 'Canderel', 'Canderel', 'assets/img/brand.jpg', '2020-09-26 20:23:22', '2020-09-26 16:23:22', b'1'),
(50, 'Sucral', 'Sucral', 'assets/img/brand.jpg', '2020-09-27 06:18:52', '2020-09-27 02:18:52', b'1'),
(51, 'Davidoff', 'Davidoff', 'assets/img/brand.jpg', '2020-09-27 18:40:36', '2020-09-27 14:40:36', b'1'),
(52, 'Lipton', 'Lipton', 'assets/img/brand.jpg', '2020-09-28 17:59:06', '2020-09-28 13:59:06', b'1'),
(53, 'Dayfresh', 'Dayfresh', 'assets/img/brand.jpg', '2020-09-28 18:16:57', '2020-09-28 14:16:57', b'1'),
(54, 'Everyday', 'Everyday', 'assets/img/brand.jpg', '2020-09-28 18:31:08', '2020-09-28 14:31:08', b'1'),
(55, 'Tarang', 'Tarang', 'assets/img/brand.jpg', '2020-09-28 18:37:41', '2020-09-28 14:37:41', b'1'),
(56, 'Milkpak', 'Milkpak', 'assets/img/brand.jpg', '2020-09-28 18:40:27', '2020-09-28 14:40:27', b'1'),
(57, 'Rossmoor', 'Rossmoor', 'assets/img/brand.jpg', '2020-09-28 19:12:27', '2020-09-28 15:12:27', b'1'),
(58, 'Mother Choice', 'Mother Choice', 'assets/img/brand.jpg', '2020-09-28 19:13:04', '2020-09-28 15:13:04', b'1'),
(59, 'Langnese', 'Langnese', 'assets/img/brand.jpg', '2020-09-28 19:24:39', '2020-09-28 15:24:39', b'1'),
(60, 'Al Shifa', 'Al Shifa', 'assets/img/brand.jpg', '2020-09-28 19:24:56', '2020-09-28 15:24:56', b'1'),
(61, 'Young\'s', 'Young\'s', 'assets/img/brand.jpg', '2020-09-28 19:25:18', '2020-09-28 15:25:18', b'1'),
(62, 'Forever', 'Forever', 'assets/img/brand.jpg', '2020-09-28 19:25:37', '2020-09-28 15:25:37', b'1'),
(63, 'Lazeeza', 'Lazeeza', 'assets/img/brand.jpg', '2020-09-28 19:35:30', '2020-09-28 15:35:30', b'1'),
(64, 'American Garden', 'American Garden', 'assets/img/brand.jpg', '2020-09-29 07:57:35', '2020-09-29 03:57:35', b'1'),
(65, 'Dr. Oetker', 'Dr. Oetker', 'assets/img/brand.jpg', '2020-09-29 08:57:43', '2020-09-29 04:57:43', b'1'),
(66, 'Fauji', 'Fauji', 'assets/img/brand.jpg', '2020-09-29 15:27:56', '2020-09-29 11:27:56', b'1'),
(67, 'Kellogg\'s', 'Kellogg\'s', 'assets/img/brand.jpg', '2020-09-29 15:58:02', '2020-09-29 11:58:02', b'1'),
(68, 'Weetabix', 'Weetabix', 'assets/img/brand.jpg', '2020-09-29 15:59:35', '2020-09-29 11:59:35', b'1'),
(69, 'LU', 'LU', 'assets/img/brand.jpg', '2020-09-29 19:16:37', '2020-09-29 15:16:37', b'1'),
(70, 'Lay\'s', 'Lay\'s', 'assets/img/brand.jpg', '2020-09-30 15:31:48', '2020-09-30 11:31:48', b'1'),
(71, 'Pringles', 'Pringles', 'assets/img/brand.jpg', '2020-09-30 18:12:26', '2020-09-30 14:12:26', b'1'),
(72, 'Cadbury', 'Cadbury', 'assets/img/brand.jpg', '2020-10-02 09:53:08', '2020-10-02 05:53:08', b'1'),
(73, 'Hilal', 'Hilal', 'assets/img/brand.jpg', '2020-10-02 09:57:20', '2020-10-02 05:57:20', b'1'),
(74, 'Candiland', 'Candiland', 'assets/img/brand.jpg', '2020-10-02 09:57:46', '2020-10-02 05:57:46', b'1'),
(75, 'Mayfair', 'Mayfair', 'assets/img/brand.jpg', '2020-10-02 09:58:09', '2020-10-02 05:58:09', b'1'),
(76, 'Sabroso', 'Sabroso', 'assets/img/brand.jpg', '2020-10-03 17:57:25', '2020-10-03 13:57:25', b'1'),
(77, 'Aquafina', 'Aquafina', 'assets/img/brand.jpg', '2020-10-03 18:26:36', '2020-10-03 14:26:36', b'1'),
(78, 'Kernelpop', 'Kernelpop', 'assets/img/brand.jpg', '2020-10-03 18:33:44', '2020-10-03 14:33:44', b'1'),
(79, 'Dawn', 'Dawn', 'assets/img/brand.jpg', '2020-10-03 18:49:57', '2020-10-03 14:49:57', b'1'),
(80, 'Nurpur', 'Nurpur', 'assets/img/brand.jpg', '2020-10-04 08:02:11', '2020-10-04 04:02:11', b'1'),
(81, 'Lurpak', 'Lurpak', 'assets/img/brand.jpg', '2020-10-04 08:03:05', '2020-10-04 04:03:05', b'1'),
(82, 'Blue Band', 'Blue Band', 'assets/img/brand.jpg', '2020-10-04 08:03:36', '2020-10-04 04:03:36', b'1'),
(83, 'Fresh n Freeze', 'Fresh n Freeze', 'assets/img/brand.jpg', '2020-10-05 12:03:22', '2020-10-05 08:03:22', b'1'),
(84, 'Star', 'Star', 'assets/img/brand.jpg', '2020-10-05 12:03:34', '2020-10-05 08:03:34', b'1'),
(85, 'Menu', 'Menu', 'assets/img/brand.jpg', '2020-10-05 12:30:40', '2020-10-05 08:30:40', b'1'),
(86, 'Rooh Afza', 'Rooh Afza', 'assets/img/brand.jpg', '2020-10-05 15:33:18', '2020-10-05 11:33:18', b'1'),
(87, 'Coca Cola', 'Coca Cola', 'assets/img/brand.jpg', '2020-10-05 17:50:19', '2020-10-05 13:50:19', b'1'),
(88, '7up', '7up', 'assets/img/brand.jpg', '2020-10-05 18:34:59', '2020-10-05 14:34:59', b'1'),
(89, 'Mirinda', 'Mirinda', 'assets/img/brand.jpg', '2020-10-05 19:32:04', '2020-10-05 15:32:04', b'1'),
(90, 'Tang', 'Tang', 'assets/img/brand.jpg', '2020-10-05 19:50:36', '2020-10-05 15:50:36', b'1'),
(91, 'Colgate', 'Colgate', 'assets/img/brand.jpg', '2020-10-06 17:58:13', '2020-10-06 13:58:13', b'1'),
(92, 'Sensodyne', 'Sensodyne', 'assets/img/brand.jpg', '2020-10-06 17:58:38', '2020-10-06 13:58:38', b'1'),
(93, 'Aqua Coco', 'Aqua Coco', 'assets/img/brand.jpg', '2020-10-06 18:36:46', '2020-10-06 14:36:46', b'1'),
(94, 'Happy Cow', 'Happy Cow', 'assets/img/brand.jpg', '2020-10-06 19:56:25', '2020-10-06 15:56:25', b'1'),
(95, 'Shield', 'Shield', 'assets/img/brand.jpg', '2020-10-07 12:21:41', '2020-10-07 08:21:41', b'1'),
(96, 'Listerine', 'Listerine', 'assets/img/brand.jpg', '2020-10-07 18:44:17', '2020-10-07 14:44:17', b'1'),
(97, 'Admiral', 'Admiral', 'assets/img/brand.jpg', '2020-10-09 06:12:00', '2020-10-09 02:12:00', b'1'),
(98, 'Gillette', 'Gillette', 'assets/img/brand.jpg', '2020-10-09 12:07:59', '2020-10-09 08:07:59', b'1'),
(99, 'Nivea', 'Nivea', 'assets/img/brand.jpg', '2020-10-09 14:50:51', '2020-10-09 10:50:51', b'1'),
(100, 'Lifebuoy', 'Lifebuoy', 'assets/img/brand.jpg', '2020-10-09 16:30:02', '2020-10-09 12:30:02', b'1'),
(101, 'Cool&Cool', 'Cool&Cool', 'assets/img/brand.jpg', '2020-10-09 16:30:19', '2020-10-09 12:30:19', b'1'),
(102, 'Fair and lovely', 'Fair and lovely', 'assets/img/brand.jpg', '2020-10-10 10:00:41', '2020-10-10 06:00:41', b'1'),
(103, 'Ponds', 'Ponds', 'assets/img/brand.jpg', '2020-10-10 10:00:59', '2020-10-10 06:00:59', b'1'),
(104, 'Garnier', 'Garnier', 'assets/img/brand.jpg', '2020-10-10 10:01:17', '2020-10-10 06:01:17', b'1'),
(105, 'Vaseline', 'Vaseline', 'assets/img/brand.jpg', '2020-10-10 15:51:01', '2020-10-10 11:51:01', b'1'),
(106, 'AXE', 'AXE', 'assets/img/brand.jpg', '2020-10-11 11:05:00', '2020-10-11 07:05:00', b'1'),
(107, 'Yardley', 'Yardley', 'assets/img/brand.jpg', '2020-10-11 11:05:25', '2020-10-11 07:05:25', b'1'),
(108, 'Always', 'Always', 'assets/img/brand.jpg', '2020-11-14 13:01:12', '2020-11-14 08:01:12', b'1'),
(109, 'Butterfly', 'Butterfly', 'assets/img/brand.jpg', '2020-11-14 13:01:28', '2020-11-14 08:01:28', b'1'),
(110, 'Trust', 'Trust', 'assets/img/brand.jpg', '2020-11-14 13:01:46', '2020-11-14 08:01:46', b'1'),
(111, 'Veet', 'Veet', 'assets/img/brand.jpg', '2020-11-16 07:06:38', '2020-11-16 02:06:38', b'1'),
(112, 'Cool & Cool', 'Cool & Cool', 'assets/img/brand.jpg', '2020-11-16 08:02:43', '2020-11-16 03:02:43', b'1'),
(113, 'Sunsilk', 'Sunsilk', 'assets/img/brand.jpg', '2020-11-23 14:42:55', '2020-11-23 09:42:55', b'1'),
(114, 'TRESemme', 'TRESemme', 'assets/img/brand.jpg', '2020-11-23 14:43:26', '2020-11-23 09:43:26', b'1'),
(115, 'Pantene', 'Pantene', 'assets/img/brand.jpg', '2020-11-23 14:43:53', '2020-11-23 09:43:53', b'1'),
(116, 'Head & Shoulders', 'Head & Shoulders', 'assets/img/brand.jpg', '2020-11-23 14:44:15', '2020-11-23 09:44:15', b'1'),
(117, 'Revlon', 'Revlon', 'assets/img/brand.jpg', '2020-11-26 15:21:46', '2020-11-26 10:21:46', b'1'),
(118, 'Olivia', 'Olivia', 'assets/img/brand.jpg', '2020-11-30 10:10:21', '2020-11-30 05:10:21', b'1');

-- --------------------------------------------------------

--
-- Table structure for table `grocery_category`
--

CREATE TABLE `grocery_category` (
  `CategoryId` int(11) NOT NULL,
  `CatName` varchar(50) NOT NULL,
  `Alias` varchar(50) DEFAULT NULL,
  `Img` varchar(70) NOT NULL DEFAULT 'img/category/default.jpg',
  `ParentId` int(11) NOT NULL DEFAULT 0,
  `CreatedOn` datetime DEFAULT NULL,
  `ModifiedOn` datetime NOT NULL DEFAULT current_timestamp(),
  `Status` bit(1) NOT NULL,
  `sort` int(11) NOT NULL
) ENGINE=InnoDB DEFAULT CHARSET=utf8mb4;

--
-- Dumping data for table `grocery_category`
--

INSERT INTO `grocery_category` (`CategoryId`, `CatName`, `Alias`, `Img`, `ParentId`, `CreatedOn`, `ModifiedOn`, `Status`, `sort`) VALUES
(6, 'Fruits & Vegetables', 'Fresh Fruits and Vegetables', 'assets/img/product.png', 0, '2020-07-13 10:41:12', '2020-07-13 01:41:12', b'0', 1),
(7, 'Fresh Vegetables', 'Fresh Vegetables', 'assets/img/category/a18cd787626ba579b25dc6e09aae5b20.jpg', 6, '2020-07-13 10:42:38', '2020-07-13 01:42:38', b'0', 2),
(8, 'Fresh Fruits', 'Fresh Fruits', 'assets/img/category/00a66dc411d3ab95259d0c2d85ee6991.jpg', 6, '2020-07-13 10:43:11', '2020-07-13 01:43:11', b'0', 3),
(9, 'Snacks & BreakFast', 'Snacks & BreakFast', 'assets/img/product.png', 0, '2020-07-13 10:43:59', '2020-07-13 01:43:59', b'0', 4),
(10, 'Chips', 'Chips', 'assets/img/category/8d4be779a210886e3f2a46138dc84677.jpg', 9, '2020-07-13 10:44:30', '2020-07-13 01:44:30', b'0', 5),
(11, 'Biscuits', 'Biscuits', 'assets/img/category/6cfdc904f73383eb352970235d3faafc.jpg', 9, '2020-07-13 10:44:58', '2020-07-13 01:44:58', b'0', 6),
(12, 'Essential Foods ', 'Essential Foods', 'assets/img/product.png', 0, '2020-07-13 10:45:27', '2020-07-13 01:45:27', b'1', 1515),
(13, 'Atta (Flour)', 'Atta & Flour', 'assets/img/category/868f874b0059a140826161b8a60fe0c2.jpg', 12, '2020-07-13 10:46:11', '2020-07-13 01:46:11', b'0', 8),
(14, 'Cooking Oil', 'Cooking Oil', 'assets/img/category/43f2a5fd549a616fae43d48345ca2a94.jpg', 12, '2020-07-13 10:46:34', '2020-07-13 01:46:34', b'0', 9),
(20, 'Fresh Fruits2', 'Fresh Fruits2', 'assets/img/product.png', 6, '2020-07-18 18:45:10', '2020-07-18 21:45:10', b'0', 10),
(21, 'Fresh Vegetables2', 'Fresh Vegetables2', 'assets/img/product.png', 6, '2020-07-18 18:45:26', '2020-07-18 21:45:26', b'0', 11),
(22, 'Farm Vegetables', 'Farm Vegetables', 'assets/img/product.png', 7, '2020-08-03 08:13:58', '2020-08-03 11:13:58', b'0', 12),
(23, 'Haircare', 'haircare', 'assets/img/product.png', 0, '2020-09-02 18:06:17', '2020-09-02 14:06:17', b'0', 13),
(24, 'Dairy Products', 'DP', 'assets/img/product.png', 0, '2020-09-03 17:46:54', '2020-09-03 13:46:54', b'0', 14),
(25, 'Milk', 'Milk', 'assets/img/category/0c9e06d12e444965d4df6ba9033c1d4e.png', 24, '2020-09-03 17:47:53', '2020-09-03 13:47:53', b'0', 15),
(26, 'Aata / Flour', '', 'assets/img/product.png', 12, '2020-09-04 13:12:30', '2020-09-04 09:12:30', b'0', 16),
(27, 'Fresh Fruits & Vegetables', 'Fresh Fruits & Vegetables', 'assets/img/product.png', 0, '2020-09-04 13:27:11', '2020-09-04 09:27:11', b'0', 17),
(28, 'Meat & Poultry', 'Meat & Poultry', 'assets/img/product.png', 0, '2020-09-04 13:28:21', '2020-09-04 09:28:21', b'0', 18),
(29, 'Poultry', 'Poultry', 'assets/img/product.png', 0, '2020-09-04 13:28:41', '2020-09-04 09:28:41', b'0', 19),
(30, 'Seafood', 'Seafood', 'assets/img/product.png', 0, '2020-09-04 13:29:05', '2020-09-04 09:29:05', b'0', 20),
(31, 'Bakery & Frozen', 'Bakery & Frozen', 'assets/img/product.png', 0, '2020-09-04 13:29:38', '2020-09-04 09:29:38', b'0', 21),
(32, 'Snacks & Breakfast', 'Snacks & Breakfast', 'assets/img/product.png', 0, '2020-09-04 13:32:35', '2020-09-04 09:32:35', b'0', 22),
(33, 'Toiletries', 'Toiletries', 'assets/img/product.png', 0, '2020-09-04 13:33:49', '2020-09-04 09:33:49', b'0', 23),
(34, 'Personal Hygiene', 'Personal Hygiene', 'assets/img/product.png', 0, '2020-09-04 13:34:29', '2020-09-04 09:34:29', b'0', 24),
(35, 'Kitchen Accessories ', 'Kitchen Accessories ', 'assets/img/product.png', 0, '2020-09-04 13:34:58', '2020-09-04 09:34:58', b'0', 25),
(36, 'Household Essentials', 'Household Essentials', 'assets/img/product.png', 0, '2020-09-04 13:35:35', '2020-09-04 09:35:35', b'0', 26),
(37, 'Pan Shop', 'Pan Shop', 'assets/img/product.png', 0, '2020-09-04 13:37:05', '2020-09-04 09:37:05', b'0', 27),
(38, 'OTC Healthcare & Wellbeing', 'OTC Healthcare & Wellbeing', 'assets/img/product.png', 0, '2020-09-04 13:37:37', '2020-09-04 09:37:37', b'0', 28),
(39, 'Beauty & Cosmetics', 'Beauty & Cosmetics', 'assets/img/product.png', 0, '2020-09-04 13:37:58', '2020-09-04 09:37:58', b'0', 29),
(40, 'Aata / Flour', 'Aata / Flour', 'assets/img/category/d11535803578a42aaf539a78b60f3759.jpg', 12, '2020-09-04 13:38:37', '2020-09-04 09:38:37', b'0', 30),
(41, 'Cooking Oil', 'Cooking Oil', 'assets/img/category/fea8afce6d58b29c096f5aa18d85466d.jpg', 12, '2020-09-04 13:39:43', '2020-09-04 09:39:43', b'0', 31),
(42, 'Rice', 'Rice ', 'assets/img/category/b8974732ab5b6e1961aa234400770daa.jpg', 12, '2020-09-04 13:42:19', '2020-09-04 09:42:19', b'0', 32),
(43, 'Sugar & Sweeteners', 'Sugar & Sweeteners', 'assets/img/category/3b54e3691ec70a6ab0c66507ec109b02.jpg', 12, '2020-09-04 13:52:54', '2020-09-04 09:52:54', b'0', 33),
(44, 'Banaspati Ghee', 'Banaspati Ghee', 'assets/img/category/03abe1c75e628f05ee41d54087f8bd94.jpg', 12, '2020-09-04 13:54:20', '2020-09-04 09:54:20', b'0', 34),
(45, 'Asli Ghee', 'Asli Ghee', 'assets/img/category/3ed8fbcb3ada8f985d0f9939da0e1fda.jpg', 12, '2020-09-04 14:15:33', '2020-09-04 10:15:33', b'0', 35),
(46, 'Daals / Pulses', 'Daals / Pulses', 'assets/img/category/e7bf337ffe3ed35f4b64eacba4bb62f0.jpg', 12, '2020-09-04 18:20:24', '2020-09-04 14:20:24', b'0', 36),
(47, 'Ketchups & Chutnies', 'Ketchups & Chutnies', 'assets/img/category/54667b5b1951c698e7699d229125708a.jpg', 12, '2020-09-04 18:36:00', '2020-09-04 14:36:00', b'0', 37),
(48, 'Packed Spices / Masalas', 'Packed Spices / Masalas', 'assets/img/category/0253978520663971fde80ab22b598d93.jpg', 12, '2020-09-04 18:43:12', '2020-09-04 14:43:12', b'0', 38),
(49, 'Loose Spices / Masalas', 'Loose Spices / Masalas', 'assets/img/category/7e93904013d97a41a7f76b0c03bd9a0e.jpg', 12, '2020-09-04 18:47:21', '2020-09-04 14:47:21', b'0', 39),
(50, 'Tea & Coffee', 'Tea & Coffee', 'assets/img/category/5574078a37a3407bbc650bbb17c00299.jpg', 12, '2020-09-04 18:51:27', '2020-09-04 14:51:27', b'0', 40),
(51, 'Milk ', 'Milk ', 'assets/img/category/f51293bc14ff5c32ba6a7cfd58b144a7.jpg', 12, '2020-09-04 18:55:48', '2020-09-04 14:55:48', b'0', 41),
(52, 'Cereals', 'Cereals', 'assets/img/category/1683dace16388804077d7a94322ceb56.jpg', 32, '2020-09-04 18:58:59', '2020-09-04 14:58:59', b'0', 42),
(53, 'Biscuits', 'Biscuits', 'assets/img/category/ae2f274b1d8e24985ea95eaf1cc2f4a3.jpg', 32, '2020-09-04 19:02:05', '2020-09-04 15:02:05', b'0', 43),
(54, 'Chips ', 'Chips ', 'assets/img/category/db9a1651ea69c3d0e40fdb3406c31e85.jpg', 32, '2020-09-04 19:06:06', '2020-09-04 15:06:06', b'0', 44),
(55, 'Jams, Jellies & Spreads', 'Jams, Jellies & Spreads', 'assets/img/category/b9a9bcb879be831df8e487fabb6c70b6.jpg', 32, '2020-09-09 09:09:47', '2020-09-09 05:09:47', b'0', 45),
(56, 'Instant Noodles', 'Instant Noodles', 'assets/img/category/49429a21f14fac9a9053f657c102d4d5.jpg', 32, '2020-09-09 09:22:22', '2020-09-09 05:22:22', b'0', 46),
(57, 'Chocolates & Toffees', 'Chocolates & Toffees', 'assets/img/category/e7c607a9efad100d3ef6a86deaa8a97a.jpg', 32, '2020-09-09 09:25:02', '2020-09-09 05:25:02', b'0', 47),
(58, 'Beef ', 'Beef ', 'assets/img/category/98e74789f3ec88613459d018967d78f8.jpg', 28, '2020-09-09 09:32:08', '2020-09-09 05:32:08', b'0', 48),
(59, 'Chicken', 'Chicken', 'assets/img/category/14cc059d957f136067b8118e9376a5fa.jpg', 28, '2020-09-09 09:36:51', '2020-09-09 05:36:51', b'0', 49),
(60, 'Fish', 'Fish', 'assets/img/category/52bf89be9d15c9cc0bf61747b229e73d.jpg', 30, '2020-09-09 09:52:13', '2020-09-09 05:52:13', b'0', 50),
(61, 'Mutton', 'Mutton', 'assets/img/category/997ca63890fddb9bc788cd269d38824a.jpg', 28, '2020-09-09 10:24:52', '2020-09-09 06:24:52', b'0', 51),
(62, 'Prawns', 'Prawns', 'assets/img/category/e484a14dae3b7c6493e53b79e5101755.jpg', 30, '2020-09-09 10:27:58', '2020-09-09 06:27:58', b'0', 52),
(63, 'Exotics', 'Exotics', 'assets/img/category/029864e6bf9ebb80a2ab5a496fa10c2e.jpg', 30, '2020-09-09 10:32:01', '2020-09-09 06:32:01', b'0', 53),
(64, 'Banana', 'Banana', 'assets/img/category/81545c6f19fab2da6a1f6d1ea4143690.jpg', 78, '2020-09-09 10:47:29', '2020-09-09 06:47:29', b'0', 54),
(65, 'Apple', 'Apple', 'assets/img/category/9fde67701051b4bad6ecee8560e5d30f.jpg', 27, '2020-09-09 10:51:37', '2020-09-09 06:51:37', b'0', 55),
(66, 'Mango', 'Mango', 'assets/img/category/76dc6f6a56a1b950e8e7eee677035c61.jpg', 27, '2020-09-09 11:32:04', '2020-09-09 07:32:04', b'0', 56),
(67, 'Grapes', 'Grapes', 'assets/img/category/4600c95af6d7d597db6c84122479298a.jpg', 27, '2020-09-09 11:36:28', '2020-09-09 07:36:28', b'0', 57),
(68, 'Pear', 'Pear', 'assets/img/category/98c83c0d2b072afe3511f3fb016ff4c9.jpg', 27, '2020-09-09 11:43:12', '2020-09-09 07:43:12', b'0', 58),
(69, 'Plum', 'Plum', 'assets/img/category/0f63ef999c00339995f9761d9b5dd908.jpg', 27, '2020-09-09 11:54:33', '2020-09-09 07:54:33', b'0', 59),
(70, 'Peach', 'Peach', 'assets/img/category/57908d3baeb29ad13db399e6d624ac35.jpg', 27, '2020-09-09 12:03:23', '2020-09-09 08:03:23', b'0', 60),
(71, 'Apricot', 'Apricot', 'assets/img/category/c42349196bd059c2be28ab3e2d3c5989.jpg', 27, '2020-09-09 12:06:38', '2020-09-09 08:06:38', b'0', 61),
(72, 'Watermelon', 'Watermelon', 'assets/img/category/88ab3b02ff42aa83d7434e8d89bf07e3.jpg', 27, '2020-09-09 12:09:58', '2020-09-09 08:09:58', b'0', 62),
(73, 'Muskmelon / Kharbooz', 'Muskmelon / Kharbooz', 'assets/img/category/98f922e1aa53051f71541ff7e14e7810.jpg', 27, '2020-09-09 12:17:33', '2020-09-09 08:17:33', b'0', 63),
(74, 'Galia Melon / Sarda', 'Galia Melon / Sarda', 'assets/img/category/7b988ce62dc96230185a69301a1fc03b.jpg', 27, '2020-09-09 12:24:34', '2020-09-09 08:24:34', b'0', 64),
(75, 'Rock Melon / Garma', 'Rock Melon / Garma', 'assets/img/category/a66eab0a973e11554a7aa4f8d00aa2f4.jpg', 27, '2020-09-09 12:27:59', '2020-09-09 08:27:59', b'0', 65),
(76, 'Sapodilla / Chikoo', 'Sapodilla / Chikoo', 'assets/img/category/327d2fc2d197ed8fddd0f119ad9887ec.jpg', 27, '2020-09-09 12:31:39', '2020-09-09 08:31:39', b'0', 66),
(77, 'Kinnow', 'Kinnow', 'assets/img/category/c87139282ea9be046d6d9848172a26a6.jpg', 27, '2020-09-09 12:34:50', '2020-09-09 08:34:50', b'0', 67),
(78, 'Fresh Fruits ', 'Fresh fruits ', 'assets/img/category/e0a5f4e468ea892c6c14006c0ab31b82.jpg', 27, '2020-09-09 12:52:08', '2020-09-09 08:52:08', b'0', 68),
(79, 'Fresh Vegetables', 'Fresh Vegetables', 'assets/img/category/b708ac1806b633895774a5f629735f4f.jpg', 27, '2020-09-09 13:56:23', '2020-09-09 09:56:23', b'0', 69),
(80, 'Bread', 'Bread', 'assets/img/category/9eedbbbfe13b6357b89dba5803ebf96e.jpg', 31, '2020-09-09 19:14:06', '2020-09-09 15:14:06', b'0', 70),
(81, 'Eggs', 'Eggs', 'assets/img/category/4f129eaacb5a9cb76cfe53f67b2ef8d7.jpg', 31, '2020-09-09 19:16:20', '2020-09-09 15:16:20', b'0', 71),
(82, 'Patties', 'Patties', 'assets/img/category/b44a5a7d4199f78879a19922e8c547b6.jpg', 31, '2020-09-09 19:18:50', '2020-09-09 15:18:50', b'0', 72),
(83, 'Butter', 'Butter', 'assets/img/category/15cc9e93ec3bed8cf26f8bbb41853721.jpg', 31, '2020-09-09 19:22:21', '2020-09-09 15:22:21', b'0', 73),
(84, 'Cheese', 'Cheese', 'assets/img/category/c590401a2b001e0229f98df4b25a5033.jpg', 31, '2020-09-09 19:28:38', '2020-09-09 15:28:38', b'0', 74),
(85, 'Rusk', 'Rusk', 'assets/img/category/b5705fca33bb3f8724dd4877ca48fee3.jpg', 31, '2020-09-09 19:31:46', '2020-09-09 15:31:46', b'0', 75),
(86, 'Toothpaste', 'Toothpaste', 'assets/img/category/56112c8536fb6034777e7e8304b2b7eb.jpg', 34, '2020-09-09 19:36:26', '2020-09-09 15:36:26', b'0', 76),
(87, 'Toothbrush', 'Toothbrush', 'assets/img/category/3c89876427c3218da7876e819fe0328b.jpg', 34, '2020-09-09 19:37:54', '2020-09-09 15:37:54', b'0', 77),
(88, 'Mouthwash', 'Mouthwash', 'assets/img/category/eebd339f8928ca5dd915f6cc9f8aebf5.jpg', 34, '2020-09-09 19:49:49', '2020-09-09 15:49:49', b'0', 78),
(89, 'Shaving Creams & Gels', 'Shaving Creams & Gels', 'assets/img/category/170d11f92f3b171a6a9143e0a52b63ae.jpg', 34, '2020-09-09 19:58:31', '2020-09-09 15:58:31', b'0', 79),
(90, 'Razor', 'Razor', 'assets/img/category/b30be680d05d6bf380e21e9e779dd2d4.jpg', 34, '2020-09-09 20:04:04', '2020-09-09 16:04:04', b'0', 80),
(91, 'Aftershave Lotion', 'Aftershave Lotion', 'assets/img/category/ddd5f4464385659c2f5e70bc9db0f5bc.jpg', 34, '2020-09-09 20:07:59', '2020-09-09 16:07:59', b'0', 81),
(92, 'Sanitizer', 'Sanitizer', 'assets/img/category/613ce75a19b466727c1bd41b939593f9.jpg', 34, '2020-09-10 05:48:26', '2020-09-10 01:48:26', b'0', 82),
(93, 'Deodorant', 'Deodorant', 'assets/img/category/cfce66028f25975cc040e3232fb90667.jpg', 34, '2020-09-10 05:53:00', '2020-09-10 01:53:00', b'0', 83),
(94, 'Skincare Lotion', 'Skincare Lotion', 'assets/img/category/df57c61d9e6220a13b1d0a71d6a2e6c6.jpg', 34, '2020-09-10 06:40:02', '2020-09-10 02:40:02', b'0', 84),
(95, 'Facewash', 'Facewash', 'assets/img/category/e05ae9f989c7553086dea122d3d99059.jpg', 34, '2020-09-10 07:13:02', '2020-09-10 03:13:02', b'0', 85),
(96, 'Hair Removing Products', 'Hair Removing Products', 'assets/img/category/1f203d4ee031fdc899e2a83abcb9cb23.jpg', 34, '2020-09-10 07:36:11', '2020-09-10 03:36:11', b'0', 86),
(97, 'Cotton Buds', 'Cotton Buds', 'assets/img/category/7111dd038aef7eed159099ba838408ab.jpg', 34, '2020-09-10 07:43:20', '2020-09-10 03:43:20', b'0', 87),
(98, 'Soap & Handwash', 'Soap & Handwash', 'assets/img/category/5afb949c7373f9d33908c80f7ae60892.jpg', 33, '2020-09-10 10:01:14', '2020-09-10 06:01:14', b'0', 88),
(99, 'Detergents / Washing Powders', 'Detergents / Washing Powders', 'assets/img/category/3f25b24bc0a991a57012b52338859827.jpg', 33, '2020-09-10 10:15:58', '2020-09-10 06:15:58', b'0', 89),
(100, 'Disinfectants & Surface Cleaners', 'Disinfectants & Surface Cleaners', 'assets/img/category/a8c26f483276eda65becebb914c10d69.jpg', 33, '2020-09-10 10:26:51', '2020-09-10 06:26:51', b'0', 90),
(101, 'Toilet Roll', 'Toilet Roll', 'assets/img/category/236c68ebe843d7a30909d786dfee7409.jpg', 33, '2020-09-10 10:34:00', '2020-09-10 06:34:00', b'0', 91),
(102, 'Drain Opener', 'Drain Opener', 'assets/img/category/fc35499f4504b7e4f003972f812246b4.jpg', 33, '2020-09-10 10:47:17', '2020-09-10 06:47:17', b'0', 92),
(103, 'Toilet Cleaner', 'Toilet Cleaner', 'assets/img/category/5815b677240630c891db4b418dbdfd8a.jpg', 33, '2020-09-10 11:17:31', '2020-09-10 07:17:31', b'0', 93),
(104, 'Shampoos & Conditioners', 'Shampoos & Conditioners', 'assets/img/category/2abf805ee9656288f6073215fb473823.jpg', 23, '2020-09-10 11:58:46', '2020-09-10 07:58:46', b'0', 94),
(105, 'Hair Dye', 'Hair Dye', 'assets/img/category/c52db9760c33badcfbe34b2fc142daff.jpg', 23, '2020-09-10 12:10:15', '2020-09-10 08:10:15', b'0', 95),
(106, 'Hair Gels', 'Hair Gels', 'assets/img/category/0fdd6c601bac9c9d914dddaf8bd6a2c3.jpg', 23, '2020-09-10 12:13:03', '2020-09-10 08:13:03', b'0', 96),
(107, 'Hair Oils', 'Hair Oils', 'assets/img/category/445de4512a08e684ea8ace5c9aad8b91.jpg', 23, '2020-09-10 12:21:40', '2020-09-10 08:21:40', b'0', 97),
(108, 'Anti Lice Shampoos', 'Anti Lice Shampoos', 'assets/img/category/6b8a358f6fbd41ac5e3a6611aab4e438.jpg', 23, '2020-09-10 12:40:11', '2020-09-10 08:40:11', b'0', 98),
(109, 'Anti hairfall and damage repair products', 'Anti hairfall and damage repair products', 'assets/img/category/24a42868af663f33894a5db3d3b33881.jpg', 23, '2020-09-10 12:47:05', '2020-09-10 08:47:05', b'0', 99),
(110, 'Dishwashing Soaps & Liquids', 'Dishwashing Soaps & Liquids', 'assets/img/category/6ead3baf0f22b67263a1f586a00b90bf.jpg', 35, '2020-09-10 13:19:56', '2020-09-10 09:19:56', b'0', 100),
(111, 'Dishwashing Sponge and Steel Wire', 'Dishwashing Sponge and Steel Wire', 'assets/img/category/56afbfca6fe8d28473c856442be893e0.jpg', 35, '2020-09-10 13:24:31', '2020-09-10 09:24:31', b'0', 101),
(112, 'Kitchen Paper Towels', 'Kitchen Paper Towels', 'assets/img/category/446fe7959b498fbcf4b2fdb2dfe44de1.jpg', 35, '2020-09-10 13:38:38', '2020-09-10 09:38:38', b'0', 102),
(113, 'Cloth Duster', 'Cloth Duster', 'assets/img/category/45480703dde4695d99276433b945b5ba.jpg', 35, '2020-09-10 13:46:07', '2020-09-10 09:46:07', b'0', 103),
(114, 'Aluminium Foil & Cling Wrap', 'Aluminium Foil & Cling Wrap', 'assets/img/category/94dc33f906121471a224db1ae1428e4e.jpg', 35, '2020-09-10 14:00:01', '2020-09-10 10:00:01', b'0', 104),
(115, 'Garbage Bags', 'Garbage Bags', 'assets/img/category/c1114b34ca464f6d293286c543a51f63.jpg', 35, '2020-09-10 14:03:13', '2020-09-10 10:03:13', b'0', 105),
(116, 'Matchbox', 'Matchbox', 'assets/img/category/2cb757c4eb52021a0156cf426dea63c2.jpg', 35, '2020-09-10 14:18:04', '2020-09-10 10:18:04', b'0', 106),
(117, 'Insect Killer Sprays', 'Insect Killer Sprays', 'assets/img/category/a25dce2398d4477db4413d78c2914712.jpg', 36, '2020-09-10 14:49:33', '2020-09-10 10:49:33', b'0', 107),
(118, 'Mosquito Reppelents & Coils ', 'Mosquito Reppelents & Coils ', 'assets/img/category/e6553cee3a76b7ae3aa89fb5a179b6a2.jpg', 36, '2020-09-10 18:26:32', '2020-09-10 14:26:32', b'0', 108),
(119, 'Glass Cleaners', 'Glass Cleaners', 'assets/img/category/fb5ec99093abedd1e4979a3360979125.jpg', 36, '2020-09-10 19:04:32', '2020-09-10 15:04:32', b'0', 109),
(120, 'Facial Tissues & Table Napkins', 'Facial Tissues & Table Napkins', 'assets/img/category/e31ac4a2f5cceab851c5a68a90dfecd6.jpg', 36, '2020-09-10 19:39:00', '2020-09-10 15:39:00', b'0', 110),
(121, 'Wood Polishing & Anti Rust Products', 'Wood Polishing & Anti Rust Products', 'assets/img/category/058a49e7c94fa9dbe8bbfe86bb4d4a13.jpg', 36, '2020-09-10 19:44:28', '2020-09-10 15:44:28', b'0', 111),
(122, 'Adhesives', 'Adhesives', 'assets/img/category/21ca262a3c81dceb1bbdd815f47346af.jpg', 36, '2020-09-10 19:50:13', '2020-09-10 15:50:13', b'0', 112),
(123, 'Shoe Care Products', 'Shoe Care Products', 'assets/img/category/07ef1aab18661bec8960907211298ad3.jpg', 36, '2020-09-10 19:52:52', '2020-09-10 15:52:52', b'0', 113),
(124, 'Broom / Jharoo', 'Broom / Jharoo', 'assets/img/category/5e421e306c3b5dbe681193f30df2d7c9.jpg', 36, '2020-09-10 20:02:13', '2020-09-10 16:02:13', b'0', 114),
(125, 'Mop / Pocha', 'Mop / Pocha', 'assets/img/category/ce17a729f1537dae9067ec088a06781a.jpg', 36, '2020-09-10 20:06:12', '2020-09-10 16:06:12', b'0', 115),
(126, 'Floor Wipe', 'Floor Wipe', 'assets/img/category/62a5c22ea9bbfc5943bdc97bd0eafcb1.jpg', 36, '2020-09-10 20:11:11', '2020-09-10 16:11:11', b'0', 116),
(127, 'Iron Starch Spray', 'Iron Starch Spray', 'assets/img/category/a2adac9070412ecb7b5bb3f2d2241799.jpg', 36, '2020-09-10 20:23:39', '2020-09-10 16:23:39', b'0', 117),
(128, 'Scotch and Electric Tape', 'Scotch and Electric Tape', 'assets/img/category/f5421e1c4a6b0788663dee2d3cf7a47d.jpg', 36, '2020-09-10 20:31:57', '2020-09-10 16:31:57', b'0', 118),
(129, 'Baby Care', 'Baby Care', 'assets/img/product.png', 0, '2020-09-10 20:52:16', '2020-09-10 16:52:16', b'0', 119),
(130, 'Pet Care', 'Pet Care', 'assets/img/product.png', 0, '2020-09-10 20:52:46', '2020-09-10 16:52:46', b'0', 120),
(131, 'Maida & Baisen', 'Maida & Baisen', 'assets/img/category/e5bc7019befac588f0cfe24d7d15afd2.jpg', 12, '2020-09-10 20:57:34', '2020-09-10 16:57:34', b'0', 121),
(132, 'Spaghetti, Pasta & Macaroni', 'Spaghetti, Pasta & Macaroni', 'assets/img/category/e7475fa6e28518bc83b213226c704211.jpg', 12, '2020-09-11 07:02:32', '2020-09-11 03:02:32', b'0', 122),
(133, 'Baking Powder & Baking Soda', 'Baking Powder & Baking Soda', 'assets/img/category/9f91666857784759a915134bddab5527.jpg', 12, '2020-09-11 07:23:17', '2020-09-11 03:23:17', b'0', 123),
(134, 'Beverages', 'Beverages', 'assets/img/product.png', 0, '2020-09-11 07:56:18', '2020-09-11 03:56:18', b'0', 124),
(135, 'Sharbats & Squashes', 'Sharbats & Squashes', 'assets/img/category/adadc3f0c90c0ed2745f2760d546867a.jpg', 134, '2020-09-11 08:03:32', '2020-09-11 04:03:32', b'0', 125),
(136, 'Carbonated Drinks', 'Carbonated Drinks', 'assets/img/category/623bef733242090e2455890994dab631.jpg', 134, '2020-09-11 08:14:29', '2020-09-11 04:14:29', b'0', 126),
(137, 'Powder Drinks', 'Powder Drinks', 'assets/img/category/4c2e649ec8073af164f89d3cc9a7b216.jpg', 134, '2020-09-11 08:41:43', '2020-09-11 04:41:43', b'0', 127),
(138, 'Infant Milk Powder', 'Infant Milk Powder', 'assets/img/category/945976b3346d942d472bbd1273435ca1.jpg', 129, '2020-09-11 08:44:38', '2020-09-11 04:44:38', b'0', 128),
(139, 'Baby Food', 'Baby Food', 'assets/img/category/26299bc700cc989676a0b929faea0687.jpg', 129, '2020-09-11 11:10:26', '2020-09-11 07:10:26', b'0', 129),
(140, 'Diapers', 'Diapers', 'assets/img/category/d805704afbeb9f2c678ab9ab73334047.jpg', 129, '2020-09-11 11:17:29', '2020-09-11 07:17:29', b'0', 130),
(141, 'Cat Food', 'Cat Food', 'assets/img/category/d0008b93dc861cebfbe2a1db0130121f.jpg', 130, '2020-09-11 11:20:35', '2020-09-11 07:20:35', b'0', 131),
(142, 'Dog Food', 'Dog Food', 'assets/img/category/2321960732a26808a84e768460747cbc.jpg', 130, '2020-09-11 11:22:56', '2020-09-11 07:22:56', b'0', 132),
(143, 'Honey', 'Honey', 'assets/img/category/36bb27b620bef7740ec3200ee998a0aa.jpg', 12, '2020-09-12 08:31:05', '2020-09-12 04:31:05', b'0', 133),
(144, 'Cake Mixes', 'Cake Mixes', 'assets/img/category/6fa4e7dfce1e184e1085a9f970c2fb46.jpg', 12, '2020-09-12 08:34:03', '2020-09-12 04:34:03', b'0', 134),
(145, 'Packed Cream', 'Packed Cream', 'assets/img/category/e1eaaecd45639f71432772081af6cde4.jpg', 12, '2020-09-12 08:35:43', '2020-09-12 04:35:43', b'0', 135),
(146, 'Health Drinks', 'Health Drinks', 'assets/img/category/6345da51ffbfd4691c2a84fa02610bbd.jpg', 134, '2020-09-12 08:53:16', '2020-09-12 04:53:16', b'0', 136),
(147, 'Coconut Water', 'Coconut Water', 'assets/img/category/ca8afe9f52558c2b044bc2e388b7e888.jpg', 134, '2020-09-12 08:53:53', '2020-09-12 04:53:53', b'0', 137),
(148, 'Energy Drinks', 'Energy Drinks', 'assets/img/category/2a9d48b9421cb4e43979ce11c0104431.jpg', 0, '2020-09-12 08:54:44', '2020-09-12 04:54:44', b'0', 138),
(149, 'First Aid', 'First Aid', 'assets/img/category/09ec3a254aae538ed5c1b4f792d2ab51.jpg', 36, '2020-09-12 09:09:38', '2020-09-12 05:09:38', b'0', 139),
(150, 'Extension Wire', 'Battery CellsExtension Wire', 'assets/img/category/75c1bc0a5c21f8cff7ca9cbcee4a5a83.jpg', 36, '2020-09-12 09:31:43', '2020-09-12 05:31:43', b'0', 140),
(151, 'Sauces & Vinegars', 'Sauces & Vinegars', 'assets/img/category/a2e9d0b3fd24ffd25cfd49d99ee04eca.jpg', 12, '2020-09-13 08:48:27', '2020-09-13 04:48:27', b'0', 141),
(152, 'Canned Food', 'Canned Food', 'assets/img/category/e09304d7e95e99f9dfe960ed288c3c85.jpg', 12, '2020-09-13 08:50:15', '2020-09-13 04:50:15', b'0', 142),
(153, 'Frozen Vegetables', 'Frozen Vegetables', 'assets/img/category/c85b663efb6d9c89a11f9eabca2aa6d8.jpg', 31, '2020-09-13 08:59:17', '2020-09-13 04:59:17', b'0', 143),
(154, 'Frozen Parathas', 'Frozen Parathas', 'assets/img/category/8711e62cc5f20329670dd5ff6bded922.jpg', 31, '2020-09-13 09:07:53', '2020-09-13 05:07:53', b'0', 144),
(155, 'Nuggets and Other Ready to Fry Snacks', 'Nuggets and Other Ready to Fry Snacks', 'assets/img/category/e6dc7a1259e8796bbe5d5a7ef656fc48.jpg', 32, '2020-09-13 09:09:59', '2020-09-13 05:09:59', b'0', 145),
(156, 'Popcorn', 'Popcorn', 'assets/img/category/99422ef3a57895949a26e0a30b4a707d.jpg', 32, '2020-09-13 09:21:12', '2020-09-13 05:21:12', b'0', 146),
(157, 'Continental & Chinese Cuisine Ingredients', 'Continental & Chinese Cuisine Ingredients', 'assets/img/category/67f2eda3ada665233c3773aafa6bb41b.jpg', 12, '2020-09-13 09:30:50', '2020-09-13 05:30:50', b'0', 147),
(158, 'Packed Juices', 'Packed Juices', 'assets/img/category/c06acb1972492f5c9100bdf018cb9536.jpg', 134, '2020-09-13 10:07:52', '2020-09-13 06:07:52', b'0', 148),
(159, 'Baby Shampoos & Soaps', 'Baby Shampoos & Soaps', 'assets/img/category/13d5dba7065bda2e7a82333b34872a5e.jpg', 129, '2020-09-13 10:50:05', '2020-09-13 06:50:05', b'0', 149),
(160, 'Baby Lotion', 'Baby Lotion', 'assets/img/category/8bf52ddc3d7a22f3d0eaffa5f84b4679.jpg', 129, '2020-09-13 18:06:39', '2020-09-13 14:06:39', b'0', 150),
(161, 'Baby Wipes', 'Baby Wipes', 'assets/img/category/d12d948d0c2c78aa74ae8e41007b0716.jpg', 129, '2020-09-13 18:14:53', '2020-09-13 14:14:53', b'0', 151),
(162, 'Fabric Softener ', 'Fabric Softener ', 'assets/img/category/12318a424fd9ed65ec200f8e774642cb.jpg', 36, '2020-09-13 18:19:04', '2020-09-13 14:19:04', b'0', 152),
(163, 'Packed Yogurt', 'Packed Yogurt', 'assets/img/category/63c9681aa54c0ac3b2a742a738883763.jpg', 31, '2020-09-13 19:42:00', '2020-09-13 15:42:00', b'0', 153),
(164, 'Body Detox & Weight Management', 'Body Detox & Weight Management', 'assets/img/category/83cda69a616a8db5852a44addf2e0e86.jpg', 38, '2020-09-14 08:05:51', '2020-09-14 04:05:51', b'0', 154),
(165, 'General Wellbeing & Food Supplements', 'General Wellbeing & Food Supplements', 'assets/img/category/d6f61d3ca83bb6f340c35a0f0b782227.jpg', 38, '2020-09-14 08:11:39', '2020-09-14 04:11:39', b'0', 155),
(166, 'Muscle Pain Relief Balms', 'Muscle Pain Relief Balms', 'assets/img/category/e5815a38ab501cc8a9786daa8bb05951.jpg', 38, '2020-09-14 08:32:22', '2020-09-14 04:32:22', b'0', 156),
(167, 'OTC Pain Killer Medicines', 'OTC Pain Killer Medicines', 'assets/img/category/4835c4369c68733a6d8e90764931a759.jpg', 38, '2020-09-14 08:37:02', '2020-09-14 04:37:02', b'0', 157),
(168, 'Digestion Aid & Medication', 'Digestion Aid & Medication', 'assets/img/category/a37486ac77fcd5f16a24da7deded2f8d.jpg', 38, '2020-09-14 09:00:37', '2020-09-14 05:00:37', b'0', 158),
(169, 'Tea Whiteners', 'Tea Whiteners', 'assets/img/category/fdb9cbaab301ab397784cefdab52b974.jpg', 12, '2020-09-14 09:25:10', '2020-09-14 05:25:10', b'0', 159),
(170, 'Vermicelli / Sawayian', 'Vermicelli / Sawayian', 'assets/img/category/4fc1b4bbb81a7de67a6b452e1c70d8b9.jpg', 12, '2020-09-14 09:41:29', '2020-09-14 05:41:29', b'0', 160),
(171, 'Dessert Mixes', 'Dessert Mixes', 'assets/img/category/aeaf4944fba79c828f108508d659621e.jpg', 12, '2020-09-14 10:18:55', '2020-09-14 06:18:55', b'0', 161),
(172, 'Dry Fruit', 'Dry Fruit', 'assets/img/product.png', 0, '2020-09-14 10:54:30', '2020-09-14 06:54:30', b'0', 162),
(173, 'Snacks & Breakfast', 'Snacks & Breakfast', 'assets/img/product.png', 0, '2020-09-14 11:42:33', '2020-09-14 07:42:33', b'0', 163),
(174, 'Bakery & Frozen', 'Bakery & Frozen', 'assets/img/product.png', 0, '2020-09-14 11:43:05', '2020-09-14 07:43:05', b'0', 164),
(175, 'Fresh Fruits & Vegetables', 'Fresh Fruits & Vegetables', 'assets/img/product.png', 0, '2020-09-14 11:44:06', '2020-09-14 07:44:06', b'0', 165),
(176, 'Meat & Poultry', 'Meat & Poultry', 'assets/img/product.png', 0, '2020-09-14 11:44:22', '2020-09-14 07:44:22', b'0', 166),
(177, 'Snacks & Breakfast', 'Snacks & Breakfast', 'assets/img/product.png', 0, '2020-09-14 12:19:58', '2020-09-14 08:19:58', b'1', 14),
(178, 'Bakery and Frozen', 'Bakery and Frozen', 'assets/img/product.png', 0, '2020-09-14 12:20:09', '2020-09-14 08:20:09', b'1', 13),
(179, 'Beverages', 'Beverages', 'assets/img/product.png', 0, '2020-09-14 12:20:18', '2020-09-14 08:20:18', b'1', 12),
(180, 'Fresh Fruits & Vegetables', 'Fresh Fruits & Vegetables', 'assets/img/product.png', 0, '2020-09-14 12:20:28', '2020-09-14 08:20:28', b'1', 11),
(181, 'Meat & Poultry', 'Meat & Poultry', 'assets/img/product.png', 0, '2020-09-14 12:20:35', '2020-09-14 08:20:35', b'1', 10),
(182, 'Seafood', 'Seafood', 'assets/img/product.png', 0, '2020-09-14 12:20:45', '2020-09-14 08:20:45', b'1', 9),
(183, 'Personal Hygiene ', 'Personal Hygiene ', 'assets/img/product.png', 0, '2020-09-14 12:20:52', '2020-09-14 08:20:52', b'1', 8),
(184, 'Haircare', 'Haircare', 'assets/img/product.png', 0, '2020-09-14 12:21:01', '2020-09-14 08:21:01', b'1', 7),
(185, 'Toiletries', 'Toiletries', 'assets/img/product.png', 0, '2020-09-14 12:21:09', '2020-09-14 08:21:09', b'1', 6),
(186, 'Kitchen Essentials', 'Kitchen Essentials', 'assets/img/product.png', 0, '2020-09-14 12:21:17', '2020-09-14 08:21:17', b'1', 5),
(187, 'Household Essentials', 'Household Essentials', 'assets/img/product.png', 0, '2020-09-14 12:21:23', '2020-09-14 08:21:23', b'1', 4),
(188, 'Baby Care', 'Baby Care', 'assets/img/product.png', 0, '2020-09-14 12:21:31', '2020-09-14 08:21:31', b'1', 3),
(189, 'OTC Healthcare & Wellbeing', 'OTC Healthcare & Wellbeing', 'assets/img/product.png', 0, '2020-09-14 12:21:38', '2020-09-14 08:21:38', b'1', 2),
(190, 'Pet Care', 'Pet Care', 'assets/img/product.png', 0, '2020-09-14 12:21:45', '2020-09-14 08:21:45', b'1', 1),
(191, 'Aata / Flour', 'Aata / Flour', 'assets/img/category/44826a59bfe4f35161b0334125cf4eab.jpg', 12, '2020-09-14 12:22:29', '2020-09-14 08:22:29', b'1', 181),
(192, 'Cereals', 'Cereals', 'assets/img/category/4bd4eee400e881581aaf8046b3f49cef.jpg', 177, '2020-09-14 12:23:15', '2020-09-14 08:23:15', b'1', 182),
(193, 'Bread', 'Bread', 'assets/img/category/a44d622436028dde31c8e655448fc810.jpg', 178, '2020-09-14 12:23:52', '2020-09-14 08:23:52', b'1', 183),
(194, 'Sharbats & Squashes', 'Sharbats & Squashes', 'assets/img/category/599ed433ad2183bfe70aff2c0a91d650.jpg', 179, '2020-09-14 12:24:37', '2020-09-14 08:24:37', b'1', 184),
(195, 'Fresh Fruits', 'Fresh Fruits', 'assets/img/category/350f01f9d3a4aa1294218dcae7c34e13.jpg', 180, '2020-09-14 12:25:25', '2020-09-14 08:25:25', b'1', 185),
(196, 'Beef', 'Beef', 'assets/img/category/4b83b33b2dc371d5e5acd149101c5bf2.jpg', 181, '2020-09-14 12:26:07', '2020-09-14 08:26:07', b'1', 186),
(197, 'Fish', 'Fish', 'assets/img/category/08380f63d49dced758c920060694947b.jpg', 182, '2020-09-14 12:26:42', '2020-09-14 08:26:42', b'1', 187),
(198, 'Toothpaste', 'Toothpaste', 'assets/img/category/9b3ccbc8a4bd02a133ee8025d5d5f321.jpg', 183, '2020-09-14 12:27:08', '2020-09-14 08:27:08', b'1', 188),
(199, 'Shampoos & Conditioners', 'Shampoos & Conditioners', 'assets/img/category/014c51078014e74ab64f71166dc286bf.jpg', 184, '2020-09-14 12:27:45', '2020-09-14 08:27:45', b'1', 189),
(200, 'Soap & Handwash', 'Soap & Handwash', 'assets/img/category/e6f2eb28fdecce5360dd9a626b4f1a0c.jpg', 185, '2020-09-14 12:28:28', '2020-09-14 08:28:28', b'1', 190),
(201, 'Dishwashing Soaps & Liquids', 'Dishwashing Soaps & Liquids', 'assets/img/category/fc0384978eaad629b64b7a7d64aa678a.jpg', 186, '2020-09-14 12:29:47', '2020-09-14 08:29:47', b'1', 191),
(202, 'Insect Killer Sprays', 'Insect Killer Sprays', 'assets/img/category/692bee9a0e1d4fbfb610858b659c4ea2.jpg', 187, '2020-09-14 12:30:14', '2020-09-14 08:30:14', b'1', 192),
(203, 'Infant Milk Powder', 'Infant Milk Powder', 'assets/img/category/e9f690550b35de677b425b1a52d2367d.jpg', 188, '2020-09-14 12:31:16', '2020-09-14 08:31:16', b'1', 193),
(204, 'Body Detox & Weight Management', 'Body Detox & Weight Management', 'assets/img/category/90b0dc03b354777fd172ef7c078cd717.jpg', 189, '2020-09-14 12:31:54', '2020-09-14 08:31:54', b'1', 194),
(205, 'Cat Food', 'Cat Food', 'assets/img/category/dbd1082e45fc71e2a73eb34ddf3f5b71.jpg', 190, '2020-09-14 12:32:18', '2020-09-14 08:32:18', b'1', 195),
(206, 'Cooking Oil', 'Cooking Oil', 'assets/img/category/dc20b014b51d3464e483fe43b87f354c.jpg', 12, '2020-09-14 16:17:12', '2020-09-14 12:17:12', b'1', 196),
(207, 'Rice', 'Rice', 'assets/img/category/8e41dc771b34ec6706975b1537cd1a2c.jpg', 12, '2020-09-14 16:17:51', '2020-09-14 12:17:51', b'1', 197),
(208, 'Sugar & Sweeteners', 'Sugar & Sweeteners', 'assets/img/category/9110014581edbfdd67cae8fbec384479.jpg', 12, '2020-09-14 16:18:10', '2020-09-14 12:18:10', b'1', 198),
(209, 'Banaspati Ghee', 'Banaspati Ghee', 'assets/img/category/6cfc27c02002ea6f09fa645bbf17efc9.jpg', 12, '2020-09-14 16:18:32', '2020-09-14 12:18:32', b'1', 199),
(210, 'Asli Ghee', 'Asli Ghee', 'assets/img/category/62ff5697ebfb8fa202e90c516d5b3cc7.jpg', 12, '2020-09-14 16:19:34', '2020-09-14 12:19:34', b'1', 200),
(211, 'Daals / Pulses', 'Daals / Pulses', 'assets/img/category/a34d782122df5665bac8f2bc5d3ddb06.jpg', 12, '2020-09-14 16:19:52', '2020-09-14 12:19:52', b'1', 201),
(212, 'Maida & Baisen', 'Maida & Baisen', 'assets/img/category/967bb202dbfc2abee17c15113007dd06.jpg', 12, '2020-09-14 16:20:29', '2020-09-14 12:20:29', b'1', 202),
(213, 'Packed Spices / Masalas', 'Packed Spices / Masalas', 'assets/img/category/4aa576917adcab5a34cc06a0079b0863.jpg', 12, '2020-09-14 16:22:10', '2020-09-14 12:22:10', b'1', 203),
(214, 'Loose Spices / Masalas', 'Loose Spices / Masalas', 'assets/img/category/03fde329125de31d81a493a681ceaece.jpg', 12, '2020-09-14 16:22:25', '2020-09-14 12:22:25', b'1', 204),
(215, 'Ketchups, Chutnies & Pickles', 'Ketchups, Chutnies & Pickles', 'assets/img/category/f67de3552b68f9360ba071ba3c6bd2f6.jpg', 12, '2020-09-14 16:22:46', '2020-09-14 12:22:46', b'1', 205),
(216, 'Sauces & Vinegars', 'Sauces & Vinegars', 'assets/img/category/fa6fe1c1a43de3d8b876c4856bfd0575.jpg', 12, '2020-09-14 16:23:19', '2020-09-14 12:23:19', b'1', 206),
(217, 'Tea', 'Tea', 'assets/img/category/dcc5ba333d90548cfb744f0266fa9c8e.jpg', 12, '2020-09-14 16:23:32', '2020-09-14 12:23:32', b'1', 207),
(218, 'Coffee', 'Coffee', 'assets/img/category/f3e824c8c8a1851797dc2e7ccda56361.jpg', 12, '2020-09-14 16:24:05', '2020-09-14 12:24:05', b'1', 208),
(219, 'Milk', 'Milk', 'assets/img/category/15dc70086799640f96b999277ae694c3.jpg', 12, '2020-09-14 16:24:40', '2020-09-14 12:24:40', b'1', 209),
(220, 'Tea Whiteners', 'Tea Whiteners', 'assets/img/category/41d51e537901ef2f93020a60e2ffebb8.jpg', 12, '2020-09-14 16:42:24', '2020-09-14 12:42:24', b'1', 210),
(221, 'Packed Cream', 'Packed Cream', 'assets/img/category/85f0168715f13cca6bfd2f1f52676462.jpg', 12, '2020-09-14 16:42:40', '2020-09-14 12:42:40', b'1', 211),
(222, 'Spaghetti, Pasta & Macaroni', 'Spaghetti, Pasta & Macaroni', 'assets/img/category/c67db1cc0e14487775892190be17a520.jpg', 12, '2020-09-14 16:45:30', '2020-09-14 12:45:30', b'1', 212),
(223, 'Baking Ingredients', 'Baking Ingredients', 'assets/img/category/51a22510d021906425763c197c3a3515.jpg', 12, '2020-09-14 16:45:46', '2020-09-14 12:45:46', b'1', 213),
(224, 'Honey', 'Honey', 'assets/img/category/4abbebf254105ca6516a3645250a4e8d.jpg', 12, '2020-09-14 16:46:03', '2020-09-14 12:46:03', b'1', 214),
(225, 'Cake Mixes', 'Cake Mixes', 'assets/img/category/e89c721fa90730a6d0049d0b616669fd.jpg', 12, '2020-09-14 16:47:00', '2020-09-14 12:47:00', b'1', 215),
(226, 'Desserts / Meetha Pakwan', 'Desserts / Meetha Pakwan', 'assets/img/category/35cdf3ddd25d720c74f8778ec19cd0cd.jpg', 12, '2020-09-14 16:47:24', '2020-09-14 12:47:24', b'1', 216),
(227, 'Vermicelli / Sawayian', 'Vermicelli / Sawayian', 'assets/img/category/6856621ceb0915c4e01711e34efd5bc0.jpg', 12, '2020-09-14 16:47:38', '2020-09-14 12:47:38', b'0', 217),
(228, 'Canned Food', 'Canned Food', 'assets/img/category/3cbefacbd05843c43b130ce503cdc533.jpg', 12, '2020-09-14 16:47:53', '2020-09-14 12:47:53', b'1', 218),
(229, 'International Cuisine Ingredients', 'International Cuisine Ingredients', 'assets/img/category/55171ba38f5e84c81c2d81856f8a617b.jpg', 12, '2020-09-14 16:48:46', '2020-09-14 12:48:46', b'1', 219),
(230, 'Biscuits', 'Biscuits', 'assets/img/category/5b188413d742394b6b5bc8653f2de5f1.jpg', 177, '2020-09-14 16:49:07', '2020-09-14 12:49:07', b'1', 220),
(231, 'Chips', 'Chips', 'assets/img/category/f9c0c0e2c971108e5c5722d2a14bb862.jpg', 177, '2020-09-14 16:49:21', '2020-09-14 12:49:21', b'1', 221),
(232, 'Jams, Jellies & Spreads', 'Jams, Jellies & Spreads', 'assets/img/category/5e6890bbb88664bdbda58c1d66821dc7.jpg', 177, '2020-09-14 16:49:36', '2020-09-14 12:49:36', b'1', 222),
(233, 'Instant Noodles', 'Instant Noodles', 'assets/img/category/97fd0384d5cae4c72c08e178df1b6074.jpg', 177, '2020-09-14 16:49:50', '2020-09-14 12:49:50', b'1', 223),
(234, 'Chocolates & Toffees', 'Chocolates & Toffees', 'assets/img/category/00fbe98a76c46faa92cdcc2ee81abb98.jpg', 177, '2020-09-14 16:50:05', '2020-09-14 12:50:05', b'1', 224),
(235, 'Nuggets and Other Ready to Fry Snacks', 'Nuggets and Other Ready to Fry Snacks', 'assets/img/category/92609928a8e1014eae55fb7555924959.jpg', 177, '2020-09-14 16:50:28', '2020-09-14 12:50:28', b'1', 225),
(236, 'Popcorn', 'Popcorn', 'assets/img/category/c3b0ed6180a09432ce66cd29351efad6.jpg', 177, '2020-09-14 16:50:40', '2020-09-14 12:50:40', b'1', 226),
(237, 'Eggs', 'Eggs', 'assets/img/category/2118d2909d48a65bc0317bd069896551.jpg', 178, '2020-09-14 16:51:42', '2020-09-14 12:51:42', b'1', 227),
(238, 'Butter & Margarine ', 'Butter', 'assets/img/category/c7be94ca7b459ec354c525754feb7628.jpg', 178, '2020-09-14 16:52:01', '2020-09-14 12:52:01', b'1', 228),
(239, 'Cheese', 'Cheese', 'assets/img/category/b649aed1e9bb19f773641336b87b7b53.jpg', 178, '2020-09-14 16:52:12', '2020-09-14 12:52:12', b'1', 229),
(240, 'Rusk', 'Rusk', 'assets/img/category/7b6c8fdcbc21f0f4c0c9b1a1edf86fed.jpg', 178, '2020-09-14 16:52:24', '2020-09-14 12:52:24', b'1', 230),
(241, 'Frozen Vegetables', 'Frozen Vegetables', 'assets/img/category/ea77f2320cb00144f7adee310bf4fc68.jpg', 178, '2020-09-14 16:54:12', '2020-09-14 12:54:12', b'1', 231),
(242, 'Frozen Parathas', 'Frozen Parathas', 'assets/img/category/b3d2bddbbd43c046d0a603761a4058b7.jpg', 178, '2020-09-14 16:54:29', '2020-09-14 12:54:29', b'1', 232),
(243, 'Packed Yogurt', 'Packed Yogurt', 'assets/img/category/ac829d3a88c24e76544e653c2e001744.jpg', 178, '2020-09-14 16:54:43', '2020-09-14 12:54:43', b'1', 233),
(244, 'Carbonated Drinks', 'Carbonated Drinks', 'assets/img/category/d2369ad293be0df6c4b3566b6e5e4d7d.jpg', 179, '2020-09-14 16:56:35', '2020-09-14 12:56:35', b'1', 234),
(245, 'Powder Drinks', 'Powder Drinks', 'assets/img/category/6b80778f9a3a9b76d0fe81d5622368d8.jpg', 179, '2020-09-14 16:56:50', '2020-09-14 12:56:50', b'1', 235),
(246, 'Packaged Drinks', 'Packaged Drinks', 'assets/img/category/e2b8925e1966670056aa7ea49a0eaa9b.jpg', 179, '2020-09-14 16:59:09', '2020-09-14 12:59:09', b'1', 236),
(247, 'Health Drinks', 'Health Drinks', 'assets/img/category/e69f2c917cc5868bce7aefb02dd43bc6.jpg', 179, '2020-09-14 16:59:25', '2020-09-14 12:59:25', b'1', 237),
(248, 'Fresh Vegetables', 'Fresh Vegetables', 'assets/img/category/ad5778588ff649116f3156b046722aac.jpg', 180, '2020-09-14 16:59:58', '2020-09-14 12:59:58', b'1', 238),
(249, 'Mutton', 'Mutton', 'assets/img/category/f18264585a18cffb6763f8005d4eab45.jpg', 181, '2020-09-14 17:00:35', '2020-09-14 13:00:35', b'1', 239),
(250, 'Chicken', 'Chicken', 'assets/img/category/1b347e556976d490741be29f9f2d9304.jpg', 181, '2020-09-14 17:31:07', '2020-09-14 13:31:07', b'1', 240),
(251, 'Prawns', 'Prawns', 'assets/img/category/a39ba45d0d6383226e39df6a60dbf391.jpg', 182, '2020-09-14 17:32:26', '2020-09-14 13:32:26', b'1', 241),
(252, 'Exotics', 'Exotics', 'assets/img/category/3ed5f5944b089b50d2d399b939dee85f.jpg', 182, '2020-09-14 17:32:51', '2020-09-14 13:32:51', b'1', 242),
(253, 'Toothbrush', 'Toothbrush', 'assets/img/category/296c49a72364f8d490675501924a04e5.jpg', 183, '2020-09-14 17:34:52', '2020-09-14 13:34:52', b'1', 243),
(254, 'Mouthwash', 'Mouthwash', 'assets/img/category/8723d21135936db8efd08472eed5973b.jpg', 183, '2020-09-14 17:39:43', '2020-09-14 13:39:43', b'1', 244),
(255, 'Shaving Creams & Gels', 'Shaving Creams & Gels', 'assets/img/category/f619f87a6b65e6eb9e4cb094f59fb97a.jpg', 183, '2020-09-14 17:44:06', '2020-09-14 13:44:06', b'1', 245),
(256, 'Razors', 'Razors', 'assets/img/category/bc6c624055cecfe80e5919194d0774fd.jpg', 183, '2020-09-14 18:37:35', '2020-09-14 14:37:35', b'1', 246),
(257, 'Aftershave Lotion', 'Aftershave Lotion', 'assets/img/category/e8b5468354a6bbd8ffe1141430e8d2fa.jpg', 183, '2020-09-14 18:37:54', '2020-09-14 14:37:54', b'1', 247),
(258, 'Facewash', 'Facewash', 'assets/img/category/56a650f8a626f31fd6a0340b3d09ed47.jpg', 183, '2020-09-14 18:38:08', '2020-09-14 14:38:08', b'0', 248),
(259, 'Skincare Lotions', 'Skincare Lotions', 'assets/img/category/6a1d571c74b79775f57b0a9ab39154b4.jpg', 183, '2020-09-14 18:38:27', '2020-09-14 14:38:27', b'0', 249),
(260, 'Deodorants', 'Deodorants', 'assets/img/category/b6a4cd6d1b76698c980ba1f05e2cea1a.jpg', 183, '2020-09-14 18:38:47', '2020-09-14 14:38:47', b'0', 250),
(261, 'Hair Removing Products', 'Hair Removing Products', 'assets/img/category/3d649290c84c5e23782e2f7bec7d4454.jpg', 183, '2020-09-14 18:39:09', '2020-09-14 14:39:09', b'0', 251),
(262, 'Cotton Buds', 'Cotton Buds', 'assets/img/category/54b5115b33514ed1f0e1be5fbb9f5158.jpg', 183, '2020-09-14 18:39:26', '2020-09-14 14:39:26', b'0', 252),
(263, 'Hair Dye', 'Hair Dye', 'assets/img/category/1e50f4d9155ebd155984e17cfb2ada43.jpg', 184, '2020-09-14 18:43:32', '2020-09-14 14:43:32', b'1', 253),
(264, 'Hair Gels', 'Hair Gels', 'assets/img/category/a5615d3d57a4108b4f0fe6f625ff3e44.jpg', 184, '2020-09-14 18:43:57', '2020-09-14 14:43:57', b'1', 254),
(265, 'Hair Oils', 'Hair Oils', 'assets/img/category/6bcd847f1a6b7390076a0a5f7aab0dc2.jpg', 184, '2020-09-14 18:44:14', '2020-09-14 14:44:14', b'1', 255),
(266, 'Anti Lice Shampoos', 'Anti Lice Shampoos', 'assets/img/category/1cb506e72ab5e7c7cdc1ad62dc836a05.jpg', 184, '2020-09-14 18:44:31', '2020-09-14 14:44:31', b'1', 256),
(267, 'Anti hairfall and damage repair products', 'Anti hairfall and damage repair products', 'assets/img/category/112e7b5b0fa26a54bcb6f39edde6b6f8.jpg', 184, '2020-09-14 18:44:53', '2020-09-14 14:44:53', b'1', 257),
(268, 'Detergents / Washing Powders', 'Detergents / Washing Powders', 'assets/img/category/8e5e4c1a635131bb6752c0c4346be1c2.jpg', 185, '2020-09-14 18:45:36', '2020-09-14 14:45:36', b'1', 258),
(269, 'Disinfectants & Surface Cleaners', 'Disinfectants & Surface Cleaners', 'assets/img/category/0a3b507cb4a9e6994c93ad06b42b0329.jpg', 185, '2020-09-14 18:45:55', '2020-09-14 14:45:55', b'1', 259),
(270, 'Toilet Roll', 'Toilet Roll', 'assets/img/category/626d6ed4add9e1fe89b130037ee9150e.jpg', 185, '2020-09-14 18:46:35', '2020-09-14 14:46:35', b'1', 260),
(271, 'Drain Opener', 'Drain Opener', 'assets/img/category/788ffa53b8e8f0bd21e35e3bdfa6fbe1.jpg', 185, '2020-09-14 18:46:53', '2020-09-14 14:46:53', b'1', 261),
(272, 'Toilet Cleaner', 'Toilet Cleaner', 'assets/img/category/7518c4b28ce77928b6cc9feaa079528b.jpg', 185, '2020-09-14 18:47:12', '2020-09-14 14:47:12', b'1', 262),
(273, 'Dishwashing Sponge and Steel Wire', 'Dishwashing Sponge and Steel Wire', 'assets/img/category/09eb2bdc1e6dd262e4e457a777a6c9dd.jpg', 186, '2020-09-14 18:48:06', '2020-09-14 14:48:06', b'1', 263),
(274, 'Kitchen Paper Towels', 'Kitchen Paper Towels', 'assets/img/category/083b37e4174ab18d0d62404d2e26b316.jpg', 186, '2020-09-14 18:48:22', '2020-09-14 14:48:22', b'1', 264),
(275, 'Cloth Duster', 'Cloth Duster', 'assets/img/category/b37ae65ca5f24fb33add397d6b442513.jpg', 186, '2020-09-14 18:48:39', '2020-09-14 14:48:39', b'1', 265),
(276, 'Aluminium Foil & Cling Wrap', 'Aluminium Foil & Cling Wrap', 'assets/img/category/bc85438f3a2c3ee70ad9df5199b05fbc.jpg', 186, '2020-09-14 18:49:47', '2020-09-14 14:49:47', b'1', 266),
(277, 'Garbage Bags', 'Garbage Bags', 'assets/img/category/fa154c8c5ac1ce9e22cf7493d9d2c53c.jpg', 186, '2020-09-14 18:50:07', '2020-09-14 14:50:07', b'1', 267),
(278, 'Matchbox', 'Matchbox', 'assets/img/category/5bb2dd93f0cc120268d6fa9a129afd2f.jpg', 186, '2020-09-14 18:50:24', '2020-09-14 14:50:24', b'1', 268),
(279, 'Mosquito Repellents & Coils', 'Mosquito Repellents & Coils', 'assets/img/category/5ae0d57e4181f895d33cb5babec9d23c.jpg', 187, '2020-09-14 18:51:59', '2020-09-14 14:51:59', b'1', 269),
(280, 'Glass Cleaners', 'Glass Cleaners', 'assets/img/category/13bc7dbc9b4d308ca557c38257c86f9b.jpg', 187, '2020-09-14 18:52:20', '2020-09-14 14:52:20', b'1', 270),
(281, 'Facial Tissues & Table Napkins', 'Facial Tissues & Table Napkins', 'assets/img/category/85f8ef5224349ace2537a8aaa195f570.jpg', 187, '2020-09-14 18:52:38', '2020-09-14 14:52:38', b'1', 271),
(282, 'Wood Polishing Products', 'Wood Polishing Products', 'assets/img/category/bb8bcc1b64cca66a7ec3991cae29950d.jpg', 187, '2020-09-14 18:52:57', '2020-09-14 14:52:57', b'1', 272),
(283, 'Anti Rust Products', 'Anti Rust Products', 'assets/img/category/daa6a8d2146964b21f7d485e1f317c9f.jpg', 187, '2020-09-14 18:54:02', '2020-09-14 14:54:02', b'1', 273),
(284, 'Adhesives', 'Adhesives', 'assets/img/category/f471300fdd970cfc2bde093c67f43d13.jpg', 187, '2020-09-14 18:54:51', '2020-09-14 14:54:51', b'1', 274),
(285, 'Shoe Care Products', 'Shoe Care Products', 'assets/img/category/62a8ff52b1080fb131c3d6a5f6b101ff.jpg', 187, '2020-09-14 18:55:09', '2020-09-14 14:55:09', b'1', 275),
(286, 'Broom / Jharoo', 'Broom / Jharoo', 'assets/img/category/dc4b6b6027d78cab1de54fb8235fe4f1.jpg', 187, '2020-09-14 18:55:24', '2020-09-14 14:55:24', b'1', 276),
(287, 'Mop / Pocha', 'Mop / Pocha', 'assets/img/category/75e1631552edc8d2dfd929fc9b36166e.jpg', 187, '2020-09-14 18:55:41', '2020-09-14 14:55:41', b'1', 277),
(288, 'Floor Wipe', 'Floor Wipe', 'assets/img/category/486b0519f1b2bc5bc11f9c9722498c11.jpg', 187, '2020-09-14 18:56:22', '2020-09-14 14:56:22', b'1', 278),
(289, 'Iron Starch Spray', 'Iron Starch Spray', 'assets/img/category/e20bbd61e270f1ba7da3f9b0299d6956.jpg', 187, '2020-09-14 18:57:06', '2020-09-14 14:57:06', b'1', 279),
(290, 'Scotch and Electric Tape', 'Scotch and Electric Tape', 'assets/img/category/07786b8cd11fc19b1b4877edba7ee48f.jpg', 187, '2020-09-14 18:57:31', '2020-09-14 14:57:31', b'1', 280),
(291, 'First Aid', 'First Aid', 'assets/img/category/cf6b5542dbbe554fd008d6b496d7a6ad.jpg', 187, '2020-09-14 18:57:48', '2020-09-14 14:57:48', b'1', 281),
(292, 'Extension Wire', 'Extension Wire', 'assets/img/category/a65af0103870caefb5e53e6c593b8a15.jpg', 187, '2020-09-14 18:58:29', '2020-09-14 14:58:29', b'1', 282),
(293, 'Fabric Softener', 'Fabric Softener', 'assets/img/category/3f97a9e83954aab17d4c293bb9b4ae63.jpg', 187, '2020-09-14 18:58:49', '2020-09-14 14:58:49', b'1', 283),
(294, 'Diapers', 'Diapers', 'assets/img/category/5854718795257846d056e6d472d17d5c.jpg', 188, '2020-09-14 19:00:18', '2020-09-14 15:00:18', b'0', 284),
(295, 'Baby Shampoos & Soaps', 'Baby Shampoos & Soaps', 'assets/img/category/9da528a7891a3d32f72bfdac9564267d.jpg', 188, '2020-09-14 19:01:33', '2020-09-14 15:01:33', b'0', 285),
(296, 'Baby Lotion', 'Baby Lotion', 'assets/img/category/675b469660c2c2750ed2f94c03d9f417.jpg', 188, '2020-09-14 19:01:57', '2020-09-14 15:01:57', b'0', 286),
(297, 'Baby Wipes', 'Baby Wipes', 'assets/img/category/d6c5484a0d3872467f820d01c8c9facc.jpg', 188, '2020-09-14 19:02:14', '2020-09-14 15:02:14', b'0', 287),
(298, 'Baby Food1', 'Baby Food', 'assets/img/category/7d7d111b7f409c8b1f181da268b5a34c.jpg', 188, '2020-09-14 19:03:30', '2020-09-14 15:03:30', b'0', 288),
(299, 'Baby Food', 'Baby Food', 'assets/img/category/449bbf2d9b21f75f5642607a45d4c5fc.jpg', 188, '2020-09-14 19:05:09', '2020-09-14 15:05:09', b'1', 289),
(300, 'Diapers', 'Diapers', 'assets/img/category/df289370fcd265d55fe8e01c38e141ff.jpg', 188, '2020-09-14 19:05:27', '2020-09-14 15:05:27', b'1', 290),
(301, 'Baby Shampoos & Soaps', 'Baby Shampoos & Soaps', 'assets/img/category/d3a63c813eda40e0de0fbb292d906ff0.jpg', 188, '2020-09-14 19:05:44', '2020-09-14 15:05:44', b'1', 291),
(302, 'Baby Lotion', 'Baby Lotion', 'assets/img/category/5b15c252123642495d427c2a90db925e.jpg', 188, '2020-09-14 19:06:02', '2020-09-14 15:06:02', b'1', 292),
(303, 'Baby Wipes', 'Baby Wipes', 'assets/img/category/32e1d57f4b7644c2988c04065367d66a.jpg', 188, '2020-09-14 19:06:18', '2020-09-14 15:06:18', b'1', 293),
(304, 'General Wellbeing & Food Supplements', 'General Wellbeing & Food Supplements', 'assets/img/category/9ec97391f5229b63f93f7ad22c498fd3.jpg', 189, '2020-09-14 19:07:40', '2020-09-14 15:07:40', b'1', 294),
(305, 'Muscular Pain Relief Balms', 'Muscular Pain Relief Balms', 'assets/img/category/cdc5765149acff7c1fd45be48945659b.jpg', 189, '2020-09-14 19:07:58', '2020-09-14 15:07:58', b'1', 295),
(306, 'Pain Killers', 'Pain Killers', 'assets/img/category/0c352922e0365c08a4d6015e04c9773b.jpg', 189, '2020-09-14 19:08:15', '2020-09-14 15:08:15', b'1', 296),
(307, 'Digestion Aid & Medication', 'Digestion Aid & Medication', 'assets/img/category/6338d473185bc2f82b997d62bce24cb0.jpg', 189, '2020-09-14 19:08:30', '2020-09-14 15:08:30', b'1', 297),
(308, 'Dog Food', 'Dog Food', 'assets/img/category/d9dcf1abcb24104205ddbf5ba767386d.jpg', 190, '2020-09-14 19:09:00', '2020-09-14 15:09:00', b'1', 298),
(309, 'Sanitizers', 'Sanitizers', 'assets/img/category/92be3f3f1c1ab7e6d2338505e92ba95b.jpg', 183, '2020-09-15 09:56:22', '2020-09-15 05:56:22', b'1', 299),
(310, 'Facewash', 'Facewash', 'assets/img/category/ba6cb61f880d78691d1499653d50eb9d.jpg', 183, '2020-09-15 09:56:40', '2020-09-15 05:56:40', b'1', 300),
(311, 'Skin & Body Lotions', 'Skin & Body Lotions', 'assets/img/category/7d2186b79870accdf0c67f11516bfafb.jpg', 183, '2020-09-15 09:57:04', '2020-09-15 05:57:04', b'1', 301),
(312, 'Deodorants', 'Deodorants', 'assets/img/category/d0cd45431585ab163253ee439df7d6b4.jpg', 183, '2020-09-15 09:57:21', '2020-09-15 05:57:21', b'1', 302),
(313, 'Hair Removing Products', 'Hair Removing Products', 'assets/img/category/82e969a1cb25a17eacd3b2723ea4ed82.jpg', 183, '2020-09-15 09:57:41', '2020-09-15 05:57:41', b'1', 303),
(314, 'Cotton Buds', 'Cotton Buds', 'assets/img/category/422a664aa20e6e7a9eef2612c37b44b5.jpg', 183, '2020-09-15 09:58:10', '2020-09-15 05:58:10', b'1', 304),
(315, 'Coconut Water', 'Coconut Water', 'assets/img/category/0458d8715f842676a7719f992448b00b.jpg', 179, '2020-09-15 10:06:12', '2020-09-15 06:06:12', b'1', 305),
(316, 'Anti Rust', 'Anti Rust', 'assets/img/category/ae6adb5f5140b4eb75661b8030a75a25.jpg', 187, '2020-09-15 10:09:18', '2020-09-15 06:09:18', b'0', 306),
(317, 'Bottled Water', 'Bottled Water', 'assets/img/category/e6a611bfcaac57e9d62853e5adcb3457.jpg', 12, '2020-10-03 14:22:51', '2020-10-03 10:22:51', b'1', 307),
(318, 'Sanitary Napkins', 'Sanitary Napkins', 'assets/img/category/91c12093616f5f1f7127056b6f6f5a7e.jpg', 183, '2020-10-03 15:07:48', '2020-10-03 11:07:48', b'1', 308);

-- --------------------------------------------------------

--
-- Table structure for table `grocery_order`
--

CREATE TABLE `grocery_order` (
  `OrderId` int(11) NOT NULL,
  `CustomerId` varchar(50) NOT NULL,
  `OrderValue` int(11) NOT NULL,
  `Hash` varchar(42) NOT NULL,
  `DeliveryDate` date NOT NULL,
  `DeliveryFrom` datetime NOT NULL,
  `DeliveryUpto` datetime NOT NULL,
  `DeliveryAddress` int(11) NOT NULL,
  `DeliveryCharges` int(11) DEFAULT 0,
  `OrderStep` int(11) NOT NULL DEFAULT 1,
  `PreviousOrderStep` int(11) NOT NULL DEFAULT 0,
  `CreatedOn` datetime NOT NULL,
  `ModifiedOn` datetime NOT NULL DEFAULT current_timestamp(),
  `Status` bit(1) NOT NULL
) ENGINE=InnoDB DEFAULT CHARSET=utf8mb4;

--
-- Dumping data for table `grocery_order`
--

INSERT INTO `grocery_order` (`OrderId`, `CustomerId`, `OrderValue`, `Hash`, `DeliveryDate`, `DeliveryFrom`, `DeliveryUpto`, `DeliveryAddress`, `DeliveryCharges`, `OrderStep`, `PreviousOrderStep`, `CreatedOn`, `ModifiedOn`, `Status`) VALUES
(7, '1', 375, '2831b4f50b42502790a0f6d18c8254ab991c7cbd', '2020-08-06', '2020-08-06 17:16:26', '2020-08-06 17:16:26', 1, 0, 1, 1, '2020-07-21 15:48:32', '2020-07-21 18:48:32', b'0'),
(8, '1', 110, '8a021a1904e46b8bca5f504108a89e902d452404', '2020-08-06', '2020-08-06 17:16:26', '2020-08-06 17:16:26', 1, 0, 1, 1, '2020-07-21 16:00:26', '2020-07-21 19:00:26', b'1'),
(9, '1', 180, '4258cbcc07d06841f0b70271bfc15753bae4baa2', '2020-08-06', '2020-08-06 17:16:26', '2020-08-06 17:16:26', 1, 0, 1, 1, '2020-07-27 13:00:13', '2020-07-27 16:00:13', b'1'),
(10, '1', 140, '4271160ac2cf3c92b28ace99baf975dad742126e', '2020-08-06', '2020-08-06 17:16:26', '2020-08-06 17:16:26', 1, 0, 1, 1, '2020-07-28 13:41:38', '2020-07-28 16:41:38', b'1'),
(11, '1', 1200, 'c28f8cf65c5c35c90f29623821b37da4223a572c', '2020-08-06', '2020-08-06 17:16:26', '2020-08-06 17:16:26', 1, 0, 1, 1, '2020-07-28 14:05:49', '2020-07-28 17:05:49', b'0'),
(12, '1', 1410, '5d353480d2c6f6fc83baa8118b6b10c034343dc6', '2020-08-06', '2020-08-06 17:16:26', '2020-08-06 17:16:26', 1, 0, 1, 1, '2020-07-28 14:20:48', '2020-07-28 17:20:48', b'1'),
(13, '1', 360, '631f337a6a0394746e42b4cf9f4a331e458c88c1', '2020-08-06', '2020-08-06 17:16:26', '2020-08-06 17:16:26', 1, 0, 1, 1, '2020-07-28 14:21:59', '2020-07-28 17:21:59', b'1'),
(17, '1', 1200, 'da0b3d37fb35ec432c69462a43d19bfd5081b0bb', '2020-08-06', '2020-08-06 17:16:26', '2020-08-06 17:16:26', 1, 0, 1, 1, '2020-07-29 09:57:55', '2020-07-29 12:57:55', b'1'),
(18, '1', 360, 'c0f90fda2837f0acd65ed0ed058e0c4eda2b9b21', '2020-08-06', '2020-08-06 17:16:26', '2020-08-06 17:16:26', 1, 0, 1, 1, '2020-07-29 10:01:14', '2020-07-29 13:01:14', b'1'),
(19, '1', 290, 'c12c1b2529e1e44887f2984c165c2dc5fc0b2d91', '2020-08-06', '2020-08-06 17:16:26', '2020-08-06 17:16:26', 1, 0, 1, 1, '2020-07-29 10:24:39', '2020-07-29 13:24:39', b'1'),
(20, '1', 155, '26ac832280e2821b2f62c9136557e95043f2463c', '2020-08-06', '2020-08-06 17:16:26', '2020-08-06 17:16:26', 1, 0, 1, 1, '2020-07-30 15:37:26', '2020-07-30 18:37:26', b'1'),
(21, '1', 92, '3f24da7888784de88647520497221635d19673e9', '2020-08-06', '2020-08-06 17:16:26', '2020-08-06 17:16:26', 1, 0, 1, 1, '2020-08-05 11:59:30', '2020-08-05 14:59:30', b'1'),
(22, '1', 184, '9799b0f441aeb9fdac44957a6ef32f89dee7b051', '2020-08-06', '2020-08-06 17:16:26', '2020-08-06 17:16:26', 1, 0, 1, 1, '2020-08-05 12:02:55', '2020-08-05 15:02:55', b'1'),
(23, '1', 155, '26ac832280e2821b2f62c9136557e95043f2463c', '2020-08-06', '2020-08-06 17:16:26', '2020-08-06 17:16:26', 1, 0, 1, 1, '2020-08-05 12:13:22', '2020-08-05 15:13:22', b'1'),
(24, '1', 155, '26ac832280e2821b2f62c9136557e95043f2463c', '2020-08-06', '2020-08-06 17:16:26', '2020-08-06 17:16:26', 1, 0, 1, 1, '2020-08-05 12:14:01', '2020-08-05 15:14:01', b'1'),
(25, '1', 155, '26ac832280e2821b2f62c9136557e95043f2463c', '2020-08-06', '2020-08-06 17:16:26', '2020-08-06 17:16:26', 1, 0, 1, 1, '2020-08-05 12:18:45', '2020-08-05 15:18:45', b'1'),
(26, '1', 460, '572a52155fd93362939e5889ddfbbb3f8b6eb351', '2020-08-06', '2020-08-06 17:16:26', '2020-08-06 17:16:26', 1, 0, 1, 1, '2020-08-05 14:11:37', '2020-08-05 17:11:37', b'1'),
(27, '1', 2114, '8bfd41d60a5c966d1ff585a0d7e5b7970ec6d1ea', '2020-08-08', '2020-08-08 10:08:00', '2020-08-08 07:08:00', 1, 0, 5, 1, '2020-08-06 14:23:42', '2020-08-06 17:23:42', b'1'),
(28, '1', 55, 'f51c639eb27257fff60094ad6b2406ae1da73ff9', '2020-08-09', '2020-08-09 10:00:00', '2020-08-09 07:00:00', 1, 0, 3, 7, '2020-08-06 14:31:42', '2020-08-06 17:31:42', b'1'),
(30, '0aa31209685b637af3ee', 1000, '55a429579b14add3aced548b2cbe90e371cca2f7', '2020-08-08', '2020-08-08 10:00:00', '2020-08-08 19:00:00', 15, 0, 1, 1, '2020-08-07 18:48:38', '2020-08-07 21:48:38', b'0'),
(31, '4d50106bfd5ab578634e', 70, '421ddf356b9dbe8f272099e33fce79332fb21233', '2020-08-07', '2020-08-07 10:00:00', '2020-08-07 19:00:00', 16, 0, 7, 3, '2020-08-07 18:59:28', '2020-08-07 21:59:28', b'0'),
(32, '0aa31209685b637af3ee', 35, '6b70368050b5b4713095293c7c5940093e09b92f', '2020-08-11', '2020-08-11 10:00:00', '2020-08-11 19:00:00', 15, 0, 1, 1, '2020-08-10 20:47:29', '2020-08-10 23:47:29', b'1'),
(33, '4d50106bfd5ab578634e', 165, '9fdf4b0f649c7c00a9f7517fbdaeffe9fd296ab8', '2020-09-01', '2020-09-01 10:00:00', '2020-09-01 19:00:00', 16, 0, 1, 1, '2020-09-01 10:09:10', '2020-09-01 13:09:10', b'1'),
(34, '4d50106bfd5ab578634e', 708, '0a23f787061ec65df603d69764a420c75d3b8c6b', '2020-09-01', '2020-09-01 10:00:00', '2020-09-01 19:00:00', 16, 0, 1, 1, '2020-09-01 12:33:22', '2020-09-01 15:33:22', b'1'),
(35, '4d50106bfd5ab578634e', 92, '3f24da7888784de88647520497221635d19673e9', '2020-09-01', '2020-09-01 10:00:00', '2020-09-01 19:00:00', 16, 0, 3, 2, '2020-09-01 18:56:40', '2020-09-01 21:56:40', b'1'),
(36, '4d50106bfd5ab578634e', 600, 'e979ed5284ee56e8303998d85162944fb9cfa77a', '2020-09-02', '2020-09-02 10:00:00', '2020-09-02 19:00:00', 16, 0, 4, 3, '2020-09-01 21:16:05', '2020-09-02 00:16:05', b'1'),
(37, '4d50106bfd5ab578634e', 500, 'efb2ff12746494d247097e463a3f050163325064', '2020-09-03', '2020-09-03 10:00:00', '2020-09-03 19:00:00', 16, 0, 1, 0, '2020-09-02 12:46:57', '2020-09-02 15:46:57', b'1'),
(38, 'e4bb14c6c48d39af2132', 320, '0f9512e9760706fe44db8e67902e7238c0df7425', '2020-09-05', '2020-09-05 10:00:00', '2020-09-05 19:00:00', 23, 0, 1, 0, '2020-09-02 14:23:50', '2020-09-02 10:23:50', b'1'),
(39, 'd5ef841eb8bd2f2bf8a2', 55, '97f131661944725160efd32f5d602c0970caeebc', '2020-09-03', '2020-09-03 10:00:00', '2020-09-03 19:00:00', 24, 0, 2, 1, '2020-09-02 16:26:00', '2020-09-02 12:26:00', b'1'),
(40, 'd5ef841eb8bd2f2bf8a2', 217, 'c334f9741bab8a033da9515c2187301c41d30ce8', '2020-09-04', '2020-09-04 10:00:00', '2020-09-04 19:00:00', 24, 0, 1, 0, '2020-09-04 06:07:17', '2020-09-04 02:07:17', b'1'),
(41, '485870e402584d1430da', 400, '48df8e512948665a17b1261acf9eede0ab5a9dbb', '2020-09-04', '2020-09-04 10:00:00', '2020-09-04 19:00:00', 25, 0, 1, 0, '2020-09-04 15:15:16', '2020-09-04 11:15:16', b'1'),
(42, 'd5ef841eb8bd2f2bf8a2', 350, 'cc1208d0e66edbf16509e452a0f9eddef0729c39', '2020-09-06', '2020-09-06 10:00:00', '2020-09-06 19:00:00', 24, 0, 4, 3, '2020-09-04 15:46:20', '2020-09-04 11:46:20', b'1'),
(43, 'd5ef841eb8bd2f2bf8a2', 140, 'd94bc1c59b146f8b2ea066b388ba26ae78caf3de', '2020-06-09', '2020-06-09 10:00:00', '2020-06-09 19:00:00', 24, 0, 1, 0, '2020-09-06 09:16:52', '2020-09-06 05:16:52', b'1'),
(44, 'd5ef841eb8bd2f2bf8a2', 140, '17d0448975a72f842a501b5c8d94fd8e456a9656', '2020-09-11', '2020-09-11 10:00:00', '2020-09-11 19:00:00', 24, 0, 1, 0, '2020-09-09 19:33:55', '2020-09-09 15:33:55', b'1'),
(45, 'e4bb14c6c48d39af2132', 1500, '2c6be7a2f271294e0554e5eb9bcdfc0bbdf6700e', '2020-09-16', '2020-09-16 10:00:00', '2020-09-16 19:00:00', 23, 0, 1, 0, '2020-09-16 20:55:59', '2020-09-16 11:55:59', b'1'),
(46, 'e4bb14c6c48d39af2132', 1400, 'e33588268128f1b25cdcca4edc45ac18e772be79', '2020-09-16', '2020-09-16 10:00:00', '2020-09-16 19:00:00', 23, 0, 1, 0, '2020-09-16 21:04:04', '2020-09-16 12:04:04', b'1'),
(47, 'd5ef841eb8bd2f2bf8a2', 370, '26ad7b702ed44f08dfb58f307c987c85bd02e481', '2020-09-16', '2020-09-16 10:00:00', '2020-09-16 19:00:00', 24, 0, 3, 1, '2020-09-16 22:20:59', '2020-09-16 13:20:59', b'1'),
(48, 'd5ef841eb8bd2f2bf8a2', 370, '05361d0ec0ad250359c751e766878ba8fbbebe05', '1970-01-01', '1970-01-01 05:00:00', '1970-01-01 05:00:00', 24, 0, 1, 0, '2020-09-16 22:49:56', '2020-09-16 13:49:56', b'1'),
(49, 'd5ef841eb8bd2f2bf8a2', 140, 'e5ec70375df4e2166defc1aa89e05612b2df887f', '2020-09-17', '2020-09-17 10:00:00', '2020-09-17 19:00:00', 24, 100, 1, 0, '2020-09-17 17:25:32', '2020-09-17 08:25:32', b'1'),
(50, 'd5ef841eb8bd2f2bf8a2', 800, 'a7b28fca0dec0f9833e1e5c04942add810fb5844', '1970-01-01', '1970-01-01 05:00:00', '1970-01-01 05:00:00', 27, 0, 1, 0, '2020-09-17 23:54:15', '2020-09-17 14:54:15', b'1'),
(51, 'ba23a20bb064f3f0df48', 715, 'f771a8de2e2546ba2e3cf13b1c92ba00809c0bcf', '2020-09-19', '2020-09-19 10:00:00', '2020-09-19 19:00:00', 28, 0, 1, 0, '2020-09-18 23:13:31', '2020-09-18 14:13:31', b'1'),
(52, 'd5ef841eb8bd2f2bf8a2', 95, '927e1e43e2f6941fb27de143313e9605eaf29dfa', '2020-09-18', '2020-09-18 10:00:00', '2020-09-18 19:00:00', 27, 0, 1, 0, '2020-09-19 00:00:38', '2020-09-18 15:00:38', b'1'),
(53, 'd5ef841eb8bd2f2bf8a2', 660, 'c4f96bfff4d64f7958d2e2240d2a974ff3789354', '2020-09-19', '2020-09-19 10:00:00', '2020-09-19 19:00:00', 27, 100, 1, 0, '2020-09-19 23:30:10', '2020-09-19 14:30:10', b'1'),
(54, 'd5ef841eb8bd2f2bf8a2', 290, 'ef25b5a435dc80ee46da7a8689ea8eeebf41f39a', '2020-09-19', '2020-09-19 10:00:00', '2020-09-19 19:00:00', 27, 100, 1, 0, '2020-09-19 23:34:45', '2020-09-19 14:34:45', b'1'),
(55, 'd5ef841eb8bd2f2bf8a2', 660, '6bd1409b691f941b0167833da6e39998bd254e85', '2020-09-19', '2020-09-19 10:00:00', '2020-09-19 19:00:00', 27, 100, 1, 0, '2020-09-19 23:35:21', '2020-09-19 14:35:21', b'1'),
(56, 'd5ef841eb8bd2f2bf8a2', 1280, 'e8916d0784958c73a6a36687933b9cbe32dc7acc', '2020-09-22', '2020-09-22 10:00:00', '2020-09-22 19:00:00', 27, 0, 1, 0, '2020-09-19 23:50:36', '2020-09-19 14:50:36', b'1'),
(57, '1', 290, '1d67218facd0259be674bd926cb3a1022e27d232', '1970-01-01', '1970-01-01 05:00:00', '1970-01-01 05:00:00', 29, 0, 1, 0, '2020-09-21 20:58:02', '2020-09-21 11:58:02', b'1'),
(58, 'e4bb14c6c48d39af2132', 1540, 'e770e281f76b4569baee699b05bf3fbb21c94423', '2020-09-22', '2020-09-22 10:00:00', '2020-09-22 19:00:00', 23, 100, 1, 0, '2020-09-22 13:22:23', '2020-09-22 04:22:23', b'1'),
(59, 'd5ef841eb8bd2f2bf8a2', 1980, '98ed53f265a307183821c576263717c250395254', '1970-01-01', '1970-01-01 05:00:00', '1970-01-01 05:00:00', 27, 0, 1, 0, '2020-09-22 22:39:21', '2020-09-22 13:39:21', b'1'),
(60, '1', 2080, '5c8f3ebad1e30380d87e586f6cb895291c691eea', '1970-01-01', '1970-01-01 05:00:00', '1970-01-01 05:00:00', 1, 0, 1, 0, '2020-09-24 16:58:00', '2020-09-24 07:58:00', b'1'),
(61, 'ce7580823706e691a204', 1600, '83b4ebae82d609334391852aa11ec06bb445fad3', '2020-09-27', '2020-09-27 10:00:00', '2020-09-27 19:00:00', 30, 100, 1, 0, '2020-09-27 01:36:21', '2020-09-26 16:36:21', b'1'),
(62, 'd5ef841eb8bd2f2bf8a2', 2166, 'e9fea52a15653759da357b5974a27a39b9a86575', '1970-01-01', '1970-01-01 05:00:00', '1970-01-01 05:00:00', 27, 0, 1, 0, '2020-09-27 13:38:17', '2020-09-27 04:38:17', b'1'),
(63, '1', 680, '2dc77a8739992cf0859639de58fba22ab9af7c9e', '1970-01-01', '1970-01-01 05:00:00', '1970-01-01 05:00:00', 29, 0, 1, 0, '2020-09-27 15:41:05', '2020-09-27 06:41:05', b'1'),
(64, 'ce7580823706e691a204', 280, '1c3d6906ff152f3d0cdd3c25d6003394faa02c46', '2020-09-27', '2020-09-27 10:00:00', '2020-09-27 19:00:00', 30, 100, 7, 1, '2020-09-27 15:44:33', '2020-09-27 06:44:33', b'1'),
(65, 'ce7580823706e691a204', 2770, '0bb13d968e7aecb39fcb82116cfbdda4bfbb2959', '2020-09-27', '2020-09-27 10:00:00', '2020-09-27 19:00:00', 30, 100, 1, 0, '2020-09-27 21:25:09', '2020-09-27 12:25:09', b'1'),
(66, '1', 150, '51f13d1af09d1938df3efeb851f28cb35307619a', '1970-01-01', '1970-01-01 05:00:00', '1970-01-01 05:00:00', 1, 0, 1, 0, '2020-09-28 00:03:36', '2020-09-27 15:03:36', b'1'),
(67, '1', 250, '744a5eea48f1cf9341e1baa7060d65cde3178ae1', '2020-01-10', '2020-01-10 10:00:00', '2020-01-10 19:00:00', 29, 0, 1, 0, '2020-09-28 16:51:37', '2020-09-28 07:51:37', b'1'),
(68, 'd5ef841eb8bd2f2bf8a2', 150, '30313a5d6b10c42ca6c9d61b602ec84cfc4e9381', '2020-10-02', '2020-10-02 10:00:00', '2020-10-02 19:00:00', 27, 0, 1, 0, '2020-09-29 15:04:08', '2020-09-29 06:04:08', b'1'),
(69, '1', 150, '51f13d1af09d1938df3efeb851f28cb35307619a', '2020-01-10', '2020-01-10 10:00:00', '2020-01-10 19:00:00', 1, 0, 1, 0, '2020-09-30 20:45:55', '2020-09-30 11:45:55', b'1'),
(70, '4d50106bfd5ab578634e', 630, '87648d6012eb58a50cc9810b59d5b4a7795eb035', '2020-09-30', '2020-09-30 10:00:00', '2020-09-30 19:00:00', 16, 100, 1, 0, '2020-09-30 21:21:34', '2020-09-30 12:21:34', b'1'),
(71, 'e4bb14c6c48d39af2132', 150, '0f5a44fd4fc031b1fa5b4b15b479ff01b6d883c5', '2020-10-01', '2020-10-01 10:00:00', '2020-10-01 19:00:00', 23, 100, 1, 0, '2020-10-01 15:14:23', '2020-10-01 06:14:23', b'1'),
(72, 'e4bb14c6c48d39af2132', 140, '6a74ca2df2146c81bba6572453a3cfd872104811', '2020-10-01', '2020-10-01 10:00:00', '2020-10-01 19:00:00', 23, 100, 1, 0, '2020-10-01 15:16:01', '2020-10-01 06:16:01', b'1'),
(73, '4d50106bfd5ab578634e', 2005, '2e416bf990fdbd4e90e222698a80e889a2488389', '2020-10-06', '2020-10-06 10:00:00', '2020-10-06 19:00:00', 16, 100, 1, 0, '2020-10-06 21:53:29', '2020-10-06 12:53:29', b'1'),
(74, 'd5ef841eb8bd2f2bf8a2', 4372, '6838eafb1e10f7f58702104b231d0eeb2b199fe2', '1970-01-01', '1970-01-01 05:00:00', '1970-01-01 05:00:00', 33, 0, 7, 1, '2020-10-24 23:33:08', '2020-10-24 14:33:08', b'1'),
(75, '861913d5a125034153ca', 3020, '18396df0250b7b7fd386461480610cbc46ac1b55', '2020-10-29', '2020-10-29 10:00:00', '2020-10-29 19:00:00', 34, 0, 7, 1, '2020-10-27 23:51:33', '2020-10-27 14:51:33', b'1'),
(76, 'd5ef841eb8bd2f2bf8a2', 1110, '3d4183df6ec46e756733e46ec73094a12f2671cb', '1970-01-01', '1970-01-01 05:00:00', '1970-01-01 05:00:00', 32, 0, 4, 1, '2020-10-29 01:01:12', '2020-10-28 16:01:12', b'1'),
(77, 'd5ef841eb8bd2f2bf8a2', 150, '51f13d1af09d1938df3efeb851f28cb35307619a', '2020-01-11', '2020-01-11 10:00:00', '2020-01-11 19:00:00', 33, 0, 7, 1, '2020-10-29 16:14:49', '2020-10-29 07:14:49', b'1'),
(78, 'd5ef841eb8bd2f2bf8a2', 140, '3f0182759ebd86fdcb2e81b20ec3405763f00b1c', '2020-02-11', '2020-02-11 10:00:00', '2020-02-11 19:00:00', 32, 0, 1, 0, '2020-11-02 14:02:03', '2020-11-02 04:02:03', b'1'),
(79, '861913d5a125034153ca', 370, 'ee893f184511c489b4cfd506c215a9689098eb94', '2020-11-02', '2020-11-02 10:00:00', '2020-11-02 19:00:00', 34, 100, 3, 1, '2020-11-02 19:10:37', '2020-11-02 09:10:37', b'1'),
(80, '1', 300, '03c828d77269ce6bd16a3f0a515a5dbf5e3f1364', '2020-11-26', '2020-11-26 10:00:00', '2020-11-26 19:00:00', 1, 0, 1, 0, '2020-11-25 23:25:13', '2020-11-25 13:25:13', b'1');

-- --------------------------------------------------------

--
-- Table structure for table `grocery_order_detail`
--

CREATE TABLE `grocery_order_detail` (
  `OrderDetailId` int(11) NOT NULL,
  `OrderId` int(11) NOT NULL,
  `ItemId` int(11) NOT NULL,
  `ItemQuantity` int(11) NOT NULL,
  `SoldPrice` int(11) NOT NULL,
  `Status` bit(1) NOT NULL,
  `CreatedOn` datetime NOT NULL,
  `ModifiedOn` datetime NOT NULL DEFAULT current_timestamp(),
  `sort` int(11) NOT NULL
) ENGINE=InnoDB DEFAULT CHARSET=utf8mb4;

--
-- Dumping data for table `grocery_order_detail`
--

INSERT INTO `grocery_order_detail` (`OrderDetailId`, `OrderId`, `ItemId`, `ItemQuantity`, `SoldPrice`, `Status`, `CreatedOn`, `ModifiedOn`, `sort`) VALUES
(10, 7, 10, 3, 70, b'1', '2020-07-21 15:48:32', '2020-07-21 18:48:32', 0),
(11, 7, 16, 3, 55, b'1', '2020-07-21 15:48:32', '2020-07-21 18:48:32', 0),
(12, 8, 16, 2, 55, b'1', '2020-07-21 16:00:26', '2020-07-21 19:00:26', 0),
(66, 9, 16, 2, 55, b'1', '2020-07-27 13:00:13', '2020-07-27 16:00:13', 0),
(67, 9, 10, 1, 70, b'1', '2020-07-27 13:00:13', '2020-07-27 16:00:14', 0),
(68, 0, 10, 2, 70, b'1', '2020-07-27 13:36:02', '2020-07-27 16:36:02', 0),
(69, 0, 10, 2, 70, b'1', '2020-07-27 13:40:04', '2020-07-27 16:40:04', 0),
(70, 0, 10, 2, 70, b'1', '2020-07-27 13:48:29', '2020-07-27 16:48:29', 0),
(71, 0, 10, 2, 70, b'1', '2020-07-27 13:59:00', '2020-07-27 16:59:00', 0),
(72, 0, 10, 2, 70, b'1', '2020-07-27 14:24:01', '2020-07-27 17:24:01', 0),
(73, 0, 10, 2, 70, b'1', '2020-07-28 13:41:27', '2020-07-28 16:41:27', 0),
(74, 10, 10, 2, 70, b'1', '2020-07-28 13:41:38', '2020-07-28 16:41:38', 0),
(75, 11, 7, 2, 200, b'1', '2020-07-28 14:05:49', '2020-07-28 17:05:49', 0),
(76, 11, 6, 2, 400, b'1', '2020-07-28 14:05:49', '2020-07-28 17:05:49', 0),
(77, 12, 7, 2, 200, b'1', '2020-07-28 14:20:48', '2020-07-28 17:20:48', 0),
(78, 12, 6, 2, 400, b'1', '2020-07-28 14:20:48', '2020-07-28 17:20:48', 0),
(79, 12, 10, 3, 70, b'1', '2020-07-28 14:20:48', '2020-07-28 17:20:48', 0),
(80, 13, 16, 4, 55, b'1', '2020-07-28 14:21:59', '2020-07-28 17:21:59', 0),
(81, 13, 10, 2, 70, b'1', '2020-07-28 14:21:59', '2020-07-28 17:21:59', 0),
(82, 14, 6, 2, 400, b'1', '2020-07-28 16:52:25', '2020-07-28 19:52:25', 0),
(83, 15, 6, 3, 400, b'1', '2020-07-28 16:54:22', '2020-07-28 19:54:22', 0),
(84, 16, 6, 4, 400, b'1', '2020-07-28 17:11:06', '2020-07-28 20:11:06', 0),
(85, 16, 7, 2, 200, b'1', '2020-07-28 17:11:06', '2020-07-28 20:11:06', 0),
(86, 16, 10, 2, 70, b'1', '2020-07-28 17:11:06', '2020-07-28 20:11:06', 0),
(87, 0, 6, 3, 400, b'1', '2020-07-29 09:57:48', '2020-07-29 12:57:48', 0),
(88, 17, 6, 3, 400, b'1', '2020-07-29 09:57:55', '2020-07-29 12:57:55', 0),
(89, 18, 10, 2, 70, b'1', '2020-07-29 10:01:14', '2020-07-29 13:01:14', 0),
(90, 18, 16, 4, 55, b'1', '2020-07-29 10:01:14', '2020-07-29 13:01:14', 0),
(91, 19, 16, 4, 55, b'1', '2020-07-29 10:24:39', '2020-07-29 13:24:39', 0),
(92, 19, 10, 1, 70, b'1', '2020-07-29 10:24:39', '2020-07-29 13:24:39', 0),
(93, 20, 8, 1, 50, b'1', '2020-07-30 15:37:26', '2020-07-30 18:37:26', 0),
(94, 20, 2, 3, 35, b'1', '2020-07-30 15:37:26', '2020-07-30 18:37:26', 0),
(95, 21, 17, 1, 92, b'1', '2020-08-05 11:59:30', '2020-08-05 14:59:30', 0),
(96, 22, 17, 2, 92, b'1', '2020-08-05 12:02:55', '2020-08-05 15:02:55', 0),
(97, 23, 8, 1, 50, b'1', '2020-08-05 12:13:22', '2020-08-05 15:13:22', 0),
(98, 23, 2, 3, 35, b'1', '2020-08-05 12:13:22', '2020-08-05 15:13:22', 0),
(99, 24, 8, 1, 50, b'1', '2020-08-05 12:14:01', '2020-08-05 15:14:01', 0),
(100, 24, 2, 3, 35, b'1', '2020-08-05 12:14:01', '2020-08-05 15:14:01', 0),
(101, 25, 8, 1, 50, b'1', '2020-08-05 12:18:45', '2020-08-05 15:18:45', 0),
(102, 25, 2, 3, 35, b'1', '2020-08-05 12:18:45', '2020-08-05 15:18:45', 0),
(103, 26, 17, 5, 92, b'1', '2020-08-05 14:11:37', '2020-08-05 17:11:37', 0),
(104, 27, 7, 4, 200, b'1', '2020-08-06 14:23:43', '2020-08-06 17:23:43', 0),
(105, 27, 17, 2, 92, b'1', '2020-08-06 14:23:43', '2020-08-06 17:23:43', 0),
(106, 27, 10, 1, 70, b'1', '2020-08-06 14:23:43', '2020-08-06 17:23:43', 0),
(107, 27, 8, 2, 50, b'1', '2020-08-06 14:23:43', '2020-08-06 17:23:43', 0),
(108, 27, 6, 2, 400, b'1', '2020-08-06 14:23:43', '2020-08-06 17:23:43', 0),
(109, 27, 5, 2, 45, b'1', '2020-08-06 14:23:43', '2020-08-06 17:23:43', 0),
(110, 27, 2, 2, 35, b'1', '2020-08-06 14:23:43', '2020-08-06 17:23:43', 0),
(111, 28, 16, 1, 55, b'1', '2020-08-06 14:31:42', '2020-08-06 17:31:42', 0),
(112, 29, 2, 2, 35, b'1', '2020-08-07 18:29:40', '2020-08-07 21:29:40', 0),
(113, 29, 7, 4, 200, b'1', '2020-08-07 18:29:40', '2020-08-07 21:29:40', 0),
(114, 30, 7, 5, 200, b'1', '2020-08-07 18:48:38', '2020-08-07 21:48:38', 0),
(115, 31, 2, 2, 35, b'1', '2020-08-07 18:59:28', '2020-08-07 21:59:29', 0),
(116, 32, 2, 1, 35, b'1', '2020-08-10 20:47:29', '2020-08-10 23:47:29', 0),
(117, 33, 16, 3, 55, b'1', '2020-09-01 10:09:10', '2020-09-01 13:09:10', 0),
(118, 34, 17, 4, 92, b'1', '2020-09-01 12:33:22', '2020-09-01 15:33:22', 0),
(119, 34, 10, 2, 70, b'1', '2020-09-01 12:33:22', '2020-09-01 15:33:22', 0),
(120, 34, 7, 1, 200, b'1', '2020-09-01 12:33:22', '2020-09-01 15:33:22', 0),
(121, 35, 17, 1, 92, b'1', '2020-09-01 18:56:40', '2020-09-01 21:56:40', 0),
(122, 36, 7, 3, 200, b'1', '2020-09-01 21:16:05', '2020-09-02 00:16:05', 0),
(123, 37, 7, 2, 250, b'1', '2020-09-02 12:46:57', '2020-09-02 15:46:57', 0),
(124, 38, 10, 1, 70, b'1', '2020-09-02 14:23:50', '2020-09-02 10:23:50', 0),
(125, 38, 8, 5, 50, b'1', '2020-09-02 14:23:50', '2020-09-02 10:23:50', 0),
(126, 39, 16, 1, 55, b'1', '2020-09-02 16:26:00', '2020-09-02 12:26:00', 0),
(127, 40, 16, 1, 55, b'1', '2020-09-04 06:07:17', '2020-09-04 02:07:17', 0),
(128, 40, 17, 1, 92, b'1', '2020-09-04 06:07:17', '2020-09-04 02:07:17', 0),
(129, 40, 10, 1, 70, b'1', '2020-09-04 06:07:17', '2020-09-04 02:07:17', 0),
(130, 41, 7, 2, 200, b'1', '2020-09-04 15:15:16', '2020-09-04 11:15:16', 0),
(131, 42, 21, 1, 350, b'1', '2020-09-04 15:46:20', '2020-09-04 11:46:20', 0),
(132, 43, 25, 1, 140, b'1', '2020-09-06 09:16:52', '2020-09-06 05:16:52', 0),
(133, 44, 37, 1, 140, b'1', '2020-09-09 19:33:55', '2020-09-09 15:33:55', 0),
(134, 45, 38, 10, 150, b'1', '2020-09-16 20:55:59', '2020-09-16 11:55:59', 0),
(135, 46, 40, 10, 140, b'1', '2020-09-16 21:04:04', '2020-09-16 12:04:04', 0),
(136, 47, 46, 1, 370, b'1', '2020-09-16 22:20:59', '2020-09-16 13:20:59', 0),
(137, 48, 46, 1, 370, b'1', '2020-09-16 22:49:56', '2020-09-16 13:49:56', 0),
(138, 49, 39, 1, 140, b'1', '2020-09-17 17:25:32', '2020-09-17 08:25:32', 0),
(139, 50, 39, 1, 140, b'1', '2020-09-17 23:54:15', '2020-09-17 14:54:15', 0),
(140, 50, 38, 1, 150, b'1', '2020-09-17 23:54:15', '2020-09-17 14:54:15', 0),
(141, 50, 46, 1, 370, b'1', '2020-09-17 23:54:15', '2020-09-17 14:54:15', 0),
(142, 50, 41, 1, 140, b'1', '2020-09-17 23:54:15', '2020-09-17 14:54:15', 0),
(143, 51, 52, 1, 95, b'1', '2020-09-18 23:13:31', '2020-09-18 14:13:31', 0),
(144, 51, 46, 1, 370, b'1', '2020-09-18 23:13:31', '2020-09-18 14:13:31', 0),
(145, 51, 53, 1, 250, b'1', '2020-09-18 23:13:31', '2020-09-18 14:13:31', 0),
(146, 52, 52, 1, 95, b'1', '2020-09-19 00:00:38', '2020-09-18 15:00:38', 0),
(147, 53, 38, 1, 150, b'1', '2020-09-19 23:30:10', '2020-09-19 14:30:10', 0),
(148, 53, 39, 1, 140, b'1', '2020-09-19 23:30:10', '2020-09-19 14:30:10', 0),
(149, 53, 46, 1, 370, b'1', '2020-09-19 23:30:10', '2020-09-19 14:30:10', 0),
(150, 54, 38, 1, 150, b'1', '2020-09-19 23:34:45', '2020-09-19 14:34:45', 0),
(151, 54, 39, 1, 140, b'1', '2020-09-19 23:34:45', '2020-09-19 14:34:45', 0),
(152, 55, 39, 1, 140, b'1', '2020-09-19 23:35:21', '2020-09-19 14:35:21', 0),
(153, 55, 38, 1, 150, b'1', '2020-09-19 23:35:21', '2020-09-19 14:35:21', 0),
(154, 55, 46, 1, 370, b'1', '2020-09-19 23:35:21', '2020-09-19 14:35:21', 0),
(155, 56, 40, 1, 140, b'1', '2020-09-19 23:50:36', '2020-09-19 14:50:36', 0),
(156, 56, 42, 1, 1140, b'1', '2020-09-19 23:50:36', '2020-09-19 14:50:36', 0),
(157, 57, 38, 1, 150, b'1', '2020-09-21 20:58:02', '2020-09-21 11:58:02', 0),
(158, 57, 40, 1, 140, b'1', '2020-09-21 20:58:02', '2020-09-21 11:58:02', 0),
(159, 58, 39, 9, 140, b'1', '2020-09-22 13:22:23', '2020-09-22 04:22:23', 0),
(160, 58, 40, 2, 140, b'1', '2020-09-22 13:22:23', '2020-09-22 04:22:23', 0),
(161, 59, 38, 2, 150, b'1', '2020-09-22 22:39:21', '2020-09-22 13:39:21', 0),
(162, 59, 40, 2, 140, b'1', '2020-09-22 22:39:21', '2020-09-22 13:39:21', 0),
(163, 59, 41, 2, 140, b'1', '2020-09-22 22:39:21', '2020-09-22 13:39:21', 0),
(164, 59, 55, 1, 140, b'1', '2020-09-22 22:39:21', '2020-09-22 13:39:21', 0),
(165, 59, 60, 1, 140, b'1', '2020-09-22 22:39:21', '2020-09-22 13:39:21', 0),
(166, 59, 61, 1, 140, b'1', '2020-09-22 22:39:21', '2020-09-22 13:39:21', 0),
(167, 59, 62, 1, 140, b'1', '2020-09-22 22:39:21', '2020-09-22 13:39:21', 0),
(168, 59, 56, 1, 140, b'1', '2020-09-22 22:39:21', '2020-09-22 13:39:21', 0),
(169, 59, 58, 1, 140, b'1', '2020-09-22 22:39:21', '2020-09-22 13:39:21', 0),
(170, 59, 59, 1, 140, b'1', '2020-09-22 22:39:21', '2020-09-22 13:39:21', 0),
(171, 59, 57, 1, 140, b'1', '2020-09-22 22:39:21', '2020-09-22 13:39:21', 0),
(172, 60, 40, 1, 140, b'1', '2020-09-24 16:58:00', '2020-09-24 07:58:00', 0),
(173, 60, 41, 1, 140, b'1', '2020-09-24 16:58:00', '2020-09-24 07:58:00', 0),
(174, 60, 38, 1, 150, b'1', '2020-09-24 16:58:00', '2020-09-24 07:58:00', 0),
(175, 60, 39, 1, 140, b'1', '2020-09-24 16:58:00', '2020-09-24 07:58:00', 0),
(176, 60, 46, 1, 370, b'1', '2020-09-24 16:58:00', '2020-09-24 07:58:00', 0),
(177, 60, 42, 1, 1140, b'1', '2020-09-24 16:58:00', '2020-09-24 07:58:00', 0),
(178, 61, 39, 2, 140, b'1', '2020-09-27 01:36:21', '2020-09-26 16:36:21', 0),
(179, 61, 40, 2, 140, b'1', '2020-09-27 01:36:21', '2020-09-26 16:36:21', 0),
(180, 61, 38, 2, 150, b'1', '2020-09-27 01:36:21', '2020-09-26 16:36:21', 0),
(181, 61, 46, 2, 370, b'1', '2020-09-27 01:36:21', '2020-09-26 16:36:21', 0),
(182, 62, 40, 1, 140, b'1', '2020-09-27 13:38:17', '2020-09-27 04:38:17', 0),
(183, 62, 38, 1, 150, b'1', '2020-09-27 13:38:17', '2020-09-27 04:38:17', 0),
(184, 62, 41, 1, 140, b'1', '2020-09-27 13:38:17', '2020-09-27 04:38:17', 0),
(185, 62, 39, 1, 140, b'1', '2020-09-27 13:38:17', '2020-09-27 04:38:17', 0),
(186, 62, 46, 1, 370, b'1', '2020-09-27 13:38:17', '2020-09-27 04:38:17', 0),
(187, 62, 42, 1, 1140, b'1', '2020-09-27 13:38:17', '2020-09-27 04:38:17', 0),
(188, 62, 54, 1, 86, b'1', '2020-09-27 13:38:17', '2020-09-27 04:38:17', 0),
(189, 63, 71, 1, 250, b'1', '2020-09-27 15:41:05', '2020-09-27 06:41:05', 0),
(190, 63, 38, 1, 150, b'1', '2020-09-27 15:41:05', '2020-09-27 06:41:05', 0),
(191, 63, 40, 1, 140, b'1', '2020-09-27 15:41:05', '2020-09-27 06:41:05', 0),
(192, 63, 39, 1, 140, b'1', '2020-09-27 15:41:05', '2020-09-27 06:41:05', 0),
(193, 64, 39, 2, 140, b'1', '2020-09-27 15:44:33', '2020-09-27 06:44:33', 0),
(194, 65, 22, 2, 1245, b'1', '2020-09-27 21:25:09', '2020-09-27 12:25:09', 0),
(195, 65, 39, 2, 140, b'1', '2020-09-27 21:25:09', '2020-09-27 12:25:09', 0),
(196, 66, 38, 1, 150, b'1', '2020-09-28 00:03:36', '2020-09-27 15:03:36', 0),
(197, 67, 71, 1, 250, b'1', '2020-09-28 16:51:37', '2020-09-28 07:51:37', 0),
(198, 68, 38, 1, 150, b'1', '2020-09-29 15:04:08', '2020-09-29 06:04:08', 0),
(199, 69, 38, 1, 150, b'1', '2020-09-30 20:45:55', '2020-09-30 11:45:55', 0),
(200, 70, 219, 3, 50, b'1', '2020-09-30 21:21:34', '2020-09-30 12:21:34', 0),
(201, 70, 217, 4, 120, b'1', '2020-09-30 21:21:34', '2020-09-30 12:21:34', 0),
(202, 71, 38, 1, 150, b'1', '2020-10-01 15:14:23', '2020-10-01 06:14:23', 0),
(203, 72, 40, 1, 140, b'1', '2020-10-01 15:16:01', '2020-10-01 06:16:01', 0),
(204, 73, 43, 2, 370, b'1', '2020-10-06 21:53:29', '2020-10-06 12:53:29', 0),
(205, 73, 47, 1, 1265, b'1', '2020-10-06 21:53:29', '2020-10-06 12:53:29', 0),
(206, 74, 118, 1, 1275, b'1', '2020-10-24 23:33:08', '2020-10-24 14:33:08', 0),
(207, 74, 71, 1, 250, b'1', '2020-10-24 23:33:08', '2020-10-24 14:33:08', 0),
(208, 74, 44, 1, 370, b'1', '2020-10-24 23:33:08', '2020-10-24 14:33:08', 0),
(209, 74, 267, 1, 120, b'1', '2020-10-24 23:33:08', '2020-10-24 14:33:08', 0),
(210, 74, 187, 1, 1625, b'1', '2020-10-24 23:33:08', '2020-10-24 14:33:08', 0),
(211, 74, 197, 1, 380, b'1', '2020-10-24 23:33:08', '2020-10-24 14:33:08', 0),
(212, 74, 74, 1, 82, b'1', '2020-10-24 23:33:08', '2020-10-24 14:33:08', 0),
(213, 74, 76, 1, 78, b'1', '2020-10-24 23:33:08', '2020-10-24 14:33:08', 0),
(214, 74, 79, 1, 85, b'1', '2020-10-24 23:33:08', '2020-10-24 14:33:08', 0),
(215, 74, 83, 1, 107, b'1', '2020-10-24 23:33:08', '2020-10-24 14:33:08', 0),
(216, 75, 46, 1, 370, b'1', '2020-10-27 23:51:33', '2020-10-27 14:51:33', 0),
(217, 75, 71, 2, 250, b'1', '2020-10-27 23:51:33', '2020-10-27 14:51:33', 0),
(218, 75, 38, 1, 150, b'1', '2020-10-27 23:51:33', '2020-10-27 14:51:33', 0),
(219, 75, 40, 1, 140, b'1', '2020-10-27 23:51:33', '2020-10-27 14:51:33', 0),
(220, 75, 44, 2, 370, b'1', '2020-10-27 23:51:33', '2020-10-27 14:51:33', 0),
(221, 75, 159, 2, 375, b'1', '2020-10-27 23:51:33', '2020-10-27 14:51:33', 0),
(222, 75, 43, 1, 370, b'1', '2020-10-27 23:51:33', '2020-10-27 14:51:33', 0),
(223, 76, 44, 1, 370, b'1', '2020-10-29 01:01:12', '2020-10-28 16:01:12', 0),
(224, 76, 46, 1, 370, b'1', '2020-10-29 01:01:12', '2020-10-28 16:01:12', 0),
(225, 76, 43, 1, 370, b'1', '2020-10-29 01:01:12', '2020-10-28 16:01:12', 0),
(226, 77, 38, 1, 150, b'1', '2020-10-29 16:14:49', '2020-10-29 07:14:49', 0),
(227, 78, 40, 1, 140, b'1', '2020-11-02 14:02:03', '2020-11-02 04:02:03', 0),
(228, 79, 46, 1, 370, b'1', '2020-11-02 19:10:37', '2020-11-02 09:10:37', 0),
(229, 80, 38, 2, 150, b'1', '2020-11-25 23:25:13', '2020-11-25 13:25:13', 0);

-- --------------------------------------------------------

--
-- Table structure for table `grocery_otp`
--

CREATE TABLE `grocery_otp` (
  `otp_id` int(20) NOT NULL,
  `created_on` datetime NOT NULL DEFAULT current_timestamp(),
  `verified_on` datetime DEFAULT NULL,
  `phone_number` varchar(20) NOT NULL,
  `code` int(4) NOT NULL,
  `expiry_date` datetime NOT NULL,
  `verified` bit(1) NOT NULL DEFAULT b'0'
) ENGINE=InnoDB DEFAULT CHARSET=latin1;

--
-- Dumping data for table `grocery_otp`
--

INSERT INTO `grocery_otp` (`otp_id`, `created_on`, `verified_on`, `phone_number`, `code`, `expiry_date`, `verified`) VALUES
(1, '2020-08-04 20:36:12', NULL, '03460030581', 9653, '2020-07-28 16:44:49', b'1'),
(2, '2020-08-04 20:36:12', NULL, '03460030582', 4989, '2020-07-27 13:32:44', b'1'),
(3, '2020-08-04 20:36:12', NULL, '03460030583', 8861, '2020-07-28 16:51:29', b'1'),
(4, '2020-08-04 20:36:12', NULL, '03460030584', 4558, '2020-07-28 16:56:03', b'1'),
(5, '2020-08-04 20:36:12', NULL, '03460030586', 9505, '2020-07-28 17:53:16', b'1'),
(6, '2020-08-04 20:36:12', NULL, '03460030587', 7588, '2020-07-28 17:54:27', b'1'),
(7, '2020-08-04 21:29:32', '2020-11-27 11:51:11', '923460030581', 1766, '2020-08-04 18:30:12', b'1'),
(10, '2020-08-04 22:21:17', '2020-08-04 19:21:23', '923460030583', 5798, '2020-08-04 19:21:57', b'1'),
(12, '2020-08-04 23:00:45', '2020-08-04 20:00:53', '923463440293', 6438, '2020-08-04 20:01:25', b'1'),
(13, '2020-08-04 23:02:12', '2020-10-06 16:52:04', '923458113142', 9970, '2020-08-04 20:02:52', b'1'),
(19, '2020-08-05 18:34:49', '2020-11-27 11:51:11', '923460030581', 4193, '2020-08-05 15:35:29', b'1'),
(20, '2020-08-05 18:35:36', '2020-11-27 11:51:11', '923460030581', 6989, '2020-08-05 15:36:16', b'1'),
(21, '2020-08-05 18:56:21', '2020-11-27 11:51:11', '923460030581', 8501, '2020-08-05 15:57:01', b'1'),
(22, '2020-08-05 18:57:43', '2020-11-27 11:51:11', '923460030581', 6844, '2020-08-05 15:58:23', b'1'),
(23, '2020-08-05 18:58:48', '2020-11-27 11:51:11', '923460030581', 1618, '2020-08-05 15:59:28', b'1'),
(24, '2020-08-05 19:00:16', '2020-11-27 11:51:11', '923460030581', 9868, '2020-08-05 16:00:56', b'1'),
(25, '2020-08-05 19:01:23', '2020-11-27 11:51:11', '923460030581', 6960, '2020-08-05 16:02:03', b'1'),
(26, '2020-08-05 19:01:58', '2020-11-27 11:51:11', '923460030581', 4002, '2020-08-05 16:02:38', b'1'),
(27, '2020-08-05 19:10:16', '2020-11-27 11:51:11', '923460030581', 8487, '2020-08-05 16:10:56', b'1'),
(28, '2020-08-05 21:31:19', '2020-11-27 11:51:11', '923460030581', 2756, '2020-08-05 18:31:59', b'1'),
(29, '2020-08-05 21:48:27', '2020-11-27 11:51:11', '923460030581', 4232, '2020-08-05 18:49:07', b'1'),
(30, '2020-08-06 10:26:10', '2020-11-27 11:51:11', '923460030581', 3538, '2020-08-06 07:26:50', b'1'),
(31, '2020-08-06 11:27:48', '2020-11-27 11:51:11', '923460030581', 7304, '2020-08-06 08:28:28', b'1'),
(32, '2020-08-06 11:28:38', '2020-11-27 11:51:11', '923460030581', 4345, '2020-08-06 08:29:18', b'1'),
(33, '2020-08-06 12:13:16', '2020-11-27 11:51:11', '923460030581', 6394, '2020-08-06 09:13:56', b'1'),
(34, '2020-08-06 14:23:37', '2020-11-27 11:51:11', '923460030581', 6812, '2020-08-06 11:24:17', b'1'),
(35, '2020-08-06 20:40:43', '2020-11-27 11:51:11', '923460030581', 7404, '2020-08-06 17:41:23', b'1'),
(36, '2020-08-06 21:30:36', '2020-08-10 21:07:25', '923460030582', 4094, '2020-08-06 18:31:16', b'1'),
(37, '2020-08-06 21:31:48', '2020-11-27 11:51:11', '923460030581', 7015, '2020-08-06 18:32:28', b'1'),
(38, '2020-08-06 22:02:51', '2020-11-27 11:51:11', '923460030581', 2978, '2020-08-06 19:03:31', b'1'),
(39, '2020-08-07 19:47:50', '2020-08-26 13:18:23', '923458118142', 7102, '2020-08-07 16:48:30', b'1'),
(40, '2020-08-07 20:41:29', '2020-08-07 17:41:35', '923460030451', 8951, '2020-08-07 17:42:09', b'1'),
(41, '2020-08-07 21:04:01', '2020-08-10 21:07:25', '923460030582', 8239, '2020-08-07 18:04:41', b'1'),
(42, '2020-08-07 21:58:48', '2020-10-06 16:52:04', '923458113142', 8031, '2020-08-07 18:59:28', b'1'),
(43, '2020-08-07 22:02:42', '2020-10-06 16:52:04', '923458113142', 4245, '2020-08-07 19:03:22', b'1'),
(44, '2020-08-10 14:21:57', '2020-10-06 16:52:04', '923458113142', 8752, '2020-08-10 11:22:37', b'1'),
(45, '2020-08-10 14:22:04', '2020-10-06 16:52:04', '923458113142', 5570, '2020-08-10 11:22:44', b'1'),
(46, '2020-08-10 22:31:25', '2020-08-10 21:07:25', '923460030582', 9053, '2020-08-10 19:32:05', b'1'),
(47, '2020-08-10 22:40:15', '2020-08-10 21:07:25', '923460030582', 3877, '2020-08-10 19:40:55', b'1'),
(48, '2020-08-10 22:41:56', '2020-08-10 21:07:25', '923460030582', 3851, '2020-08-10 19:42:36', b'1'),
(49, '2020-08-10 22:49:24', '2020-08-10 21:07:25', '923460030582', 4699, '2020-08-10 19:50:04', b'1'),
(50, '2020-08-10 22:50:15', '2020-08-10 21:07:25', '923460030582', 6382, '2020-08-10 19:50:55', b'1'),
(51, '2020-08-10 22:53:57', '2020-08-10 21:07:25', '923460030582', 2045, '2020-08-10 19:54:37', b'1'),
(52, '2020-08-10 22:56:10', '2020-08-10 21:07:25', '923460030582', 9287, '2020-08-10 19:56:50', b'1'),
(53, '2020-08-11 00:04:40', '2020-10-06 16:52:04', '923458113142', 7808, '2020-08-10 21:05:20', b'1'),
(54, '2020-08-11 00:07:20', '2020-08-10 21:07:25', '923460030582', 4435, '2020-08-10 21:08:00', b'1'),
(55, '2020-08-26 16:17:32', '2020-08-26 13:17:46', '923460030561', 8197, '2020-08-26 13:18:12', b'1'),
(56, '2020-08-26 16:18:17', '2020-08-26 13:18:23', '923458118142', 5707, '2020-08-26 13:18:57', b'1'),
(57, '2020-08-26 16:18:43', '2020-10-06 16:52:04', '923458113142', 2666, '2020-08-26 13:19:23', b'1'),
(58, '2020-08-26 16:20:01', '2020-08-26 13:20:06', '923458113143', 1397, '2020-08-26 13:20:41', b'1'),
(59, '2020-08-26 17:53:29', '2020-08-26 14:53:34', '923460030584', 7557, '2020-08-26 14:54:09', b'1'),
(60, '2020-08-26 17:53:51', '2020-10-06 16:52:04', '923458113142', 8869, '2020-08-26 14:54:31', b'1'),
(61, '2020-09-01 12:30:49', '2020-10-06 16:52:04', '923458113142', 7633, '2020-09-01 09:31:29', b'1'),
(62, '2020-09-01 15:09:48', '2020-10-06 16:52:04', '923458113142', 3762, '2020-09-01 12:10:28', b'1'),
(63, '2020-09-01 20:35:12', '2020-10-06 16:52:04', '923458113142', 2244, '2020-09-01 17:35:52', b'1'),
(64, '2020-09-01 21:06:00', '2020-10-06 16:52:04', '923458113142', 3533, '2020-09-01 18:06:40', b'1'),
(65, '2020-09-02 00:04:50', '2020-10-06 16:52:04', '923458113142', 7372, '2020-09-01 21:05:30', b'1'),
(66, '2020-09-02 15:34:05', '2020-10-06 16:52:04', '923458113142', 1247, '2020-09-02 12:34:45', b'1'),
(67, '2020-09-02 10:21:35', '2020-11-12 13:27:26', '923332349682', 9106, '2020-09-02 14:22:15', b'1'),
(68, '2020-09-02 12:20:55', '2020-10-06 16:52:04', '923458113142', 8002, '2020-09-02 16:21:35', b'1'),
(69, '2020-09-02 12:20:58', '2020-10-06 16:52:04', '923458113142', 3664, '2020-09-02 16:21:38', b'1'),
(70, '2020-09-02 12:22:36', '2020-11-14 10:56:41', '923093868935', 2618, '2020-09-02 16:23:16', b'1'),
(71, '2020-09-03 07:51:24', '2020-11-14 10:56:41', '923093868935', 4754, '2020-09-03 11:52:04', b'1'),
(72, '2020-09-03 16:58:42', '2020-11-14 10:56:41', '923093868935', 2016, '2020-09-03 20:59:22', b'1'),
(73, '2020-09-03 17:18:23', '2020-11-14 10:56:41', '923093868935', 2363, '2020-09-03 21:19:03', b'1'),
(74, '2020-09-04 02:06:21', '2020-11-14 10:56:41', '923093868935', 8124, '2020-09-04 06:07:01', b'1'),
(75, '2020-09-04 02:16:38', '2020-11-14 10:56:41', '923093868935', 8090, '2020-09-04 06:17:18', b'1'),
(76, '2020-09-04 11:24:09', '2020-11-14 10:56:41', '923093868935', 2865, '2020-09-04 15:24:49', b'1'),
(77, '2020-09-04 11:26:14', '2020-11-14 10:56:41', '923093868935', 1188, '2020-09-04 15:26:54', b'1'),
(78, '2020-09-04 11:27:08', '2020-11-14 10:56:41', '923093868935', 4619, '2020-09-04 15:27:48', b'1'),
(79, '2020-09-04 12:17:51', '2020-11-14 10:56:41', '923093868935', 3912, '2020-09-04 16:18:31', b'1'),
(80, '2020-09-05 07:11:46', '2020-11-14 10:56:41', '923093868935', 9377, '2020-09-05 11:12:26', b'1'),
(81, '2020-09-05 07:13:40', '2020-11-14 10:56:41', '923093868935', 1494, '2020-09-05 11:14:20', b'1'),
(82, '2020-09-05 07:13:58', '2020-11-14 10:56:41', '923093868935', 3151, '2020-09-05 11:14:38', b'1'),
(83, '2020-09-05 07:16:23', '2020-11-14 10:56:41', '923093868935', 9934, '2020-09-05 11:17:03', b'1'),
(84, '2020-09-05 10:53:28', '2020-11-14 10:56:41', '923093868935', 9927, '2020-09-05 14:54:08', b'1'),
(85, '2020-09-05 10:57:03', '2020-11-14 10:56:41', '923093868935', 5596, '2020-09-05 14:57:43', b'1'),
(86, '2020-09-05 10:57:58', '2020-11-14 10:56:41', '923093868935', 7060, '2020-09-05 14:58:38', b'1'),
(87, '2020-09-05 10:59:16', '2020-11-14 10:56:41', '923093868935', 4734, '2020-09-05 14:59:56', b'1'),
(88, '2020-09-06 04:48:42', '2020-11-14 10:56:41', '923093868935', 6445, '2020-09-06 08:49:22', b'1'),
(89, '2020-09-06 05:16:07', '2020-11-14 10:56:41', '923093868935', 8207, '2020-09-06 09:16:47', b'1'),
(90, '2020-09-06 14:51:51', '2020-11-14 10:56:41', '923093868935', 6399, '2020-09-06 18:52:31', b'1'),
(91, '2020-09-07 06:54:44', '2020-11-14 10:56:41', '923093868935', 3085, '2020-09-07 10:55:24', b'1'),
(92, '2020-09-07 07:48:23', '2020-11-14 10:56:41', '923093868935', 2883, '2020-09-07 11:49:03', b'1'),
(93, '2020-09-07 15:03:27', '2020-11-14 10:56:41', '923093868935', 1752, '2020-09-07 19:04:07', b'1'),
(94, '2020-09-09 13:57:04', '2020-11-14 10:56:41', '923093868935', 2151, '2020-09-09 17:57:44', b'1'),
(95, '2020-09-11 13:25:23', '2020-11-14 10:56:41', '923093868935', 8621, '2020-09-11 17:26:03', b'1'),
(96, '2020-09-12 05:51:57', '2020-11-14 10:56:41', '923093868935', 4369, '2020-09-12 09:52:37', b'1'),
(97, '2020-09-16 09:47:16', '2020-10-06 16:52:04', '923458113142', 5117, '2020-09-16 13:47:56', b'1'),
(98, '2020-09-16 09:48:23', '2020-10-06 16:52:04', '923458113142', 9906, '2020-09-16 13:49:03', b'1'),
(99, '2020-09-16 09:49:29', '2020-10-06 16:52:04', '923458113142', 5704, '2020-09-16 13:50:09', b'1'),
(100, '2020-09-16 11:05:12', '2020-11-11 14:20:42', '923888888888', 8090, '2020-09-16 15:05:52', b'1'),
(101, '2020-09-16 11:06:13', '2020-11-11 14:20:42', '923888888888', 8453, '2020-09-16 15:06:53', b'1'),
(102, '2020-09-16 11:07:47', '2020-10-06 16:52:04', '923458113142', 9348, '2020-09-16 15:08:27', b'1'),
(103, '2020-09-16 11:11:42', '2020-10-06 16:52:04', '923458113142', 4782, '2020-09-16 15:12:22', b'1'),
(104, '2020-09-16 11:12:50', '2020-11-11 14:20:42', '923888888888', 2834, '2020-09-16 15:13:30', b'1'),
(105, '2020-09-16 11:55:26', '2020-11-12 13:27:26', '923332349682', 8113, '2020-09-16 15:56:06', b'1'),
(106, '2020-09-16 13:01:55', '2020-10-06 16:52:04', '923458113142', 1604, '2020-09-16 17:02:35', b'1'),
(107, '2020-09-16 13:03:25', '2020-10-06 16:52:04', '923458113142', 8206, '2020-09-16 17:04:05', b'1'),
(108, '2020-09-16 13:20:17', '2020-11-14 10:56:41', '923093868935', 9796, '2020-09-16 17:20:57', b'1'),
(109, '2020-09-16 13:49:02', '2020-11-14 10:56:41', '923093868935', 2222, '2020-09-16 17:49:42', b'1'),
(110, '2020-09-17 07:59:51', '2020-11-14 10:56:41', '923093868935', 6728, '2020-09-17 12:00:31', b'1'),
(111, '2020-09-17 08:24:58', '2020-11-14 10:56:41', '923093868935', 8734, '2020-09-17 12:25:38', b'1'),
(112, '2020-09-17 11:51:42', '2020-11-14 10:56:41', '923093868935', 5137, '2020-09-17 15:52:22', b'1'),
(113, '2020-09-17 11:51:42', '2020-11-14 10:56:41', '923093868935', 6227, '2020-09-17 15:52:22', b'1'),
(114, '2020-09-17 12:58:10', '2020-11-14 10:56:41', '923093868935', 3940, '2020-09-17 16:58:50', b'1'),
(115, '2020-09-17 13:02:49', '2020-11-14 10:56:41', '923093868935', 6510, '2020-09-17 17:03:29', b'1'),
(116, '2020-09-17 13:02:50', '2020-11-14 10:56:41', '923093868935', 2260, '2020-09-17 17:03:30', b'1'),
(117, '2020-09-17 15:00:45', '2020-09-17 19:00:49', '923163887462', 4548, '2020-09-17 19:01:25', b'1'),
(118, '2020-09-17 15:06:12', '2020-11-14 10:56:41', '923093868935', 3100, '2020-09-17 19:06:52', b'1'),
(119, '2020-09-18 13:57:16', '2020-10-02 18:32:02', '923459236839', 4103, '2020-09-18 17:57:56', b'1'),
(120, '2020-09-18 14:08:21', '2020-11-14 10:56:41', '923093868935', 5057, '2020-09-18 18:09:01', b'1'),
(121, '2020-09-19 01:49:04', '2020-10-02 18:32:02', '923459236839', 4633, '2020-09-19 05:49:44', b'1'),
(122, '2020-09-19 14:29:53', '2020-11-14 10:56:41', '923093868935', 6266, '2020-09-19 18:30:33', b'1'),
(123, '2020-09-21 09:54:43', '2020-10-06 16:52:04', '923458113142', 4477, '2020-09-21 13:55:23', b'1'),
(124, '2020-09-21 11:09:06', '2020-10-02 18:32:02', '923459236839', 8319, '2020-09-21 15:09:46', b'1'),
(125, '2020-09-21 11:09:37', '2020-11-14 10:56:41', '923093868935', 6521, '2020-09-21 15:10:17', b'1'),
(126, '2020-09-22 04:21:32', '2020-11-12 13:27:26', '923332349682', 7838, '2020-09-22 08:22:12', b'1'),
(127, '2020-09-22 07:23:33', '2020-11-14 10:56:41', '923093868935', 1061, '2020-09-22 11:24:13', b'1'),
(128, '2020-09-22 13:38:45', '2020-11-14 10:56:41', '923093868935', 5919, '2020-09-22 17:39:25', b'1'),
(129, '2020-09-24 10:38:48', '2020-11-14 10:56:41', '923093868935', 5664, '2020-09-24 14:39:28', b'1'),
(130, '2020-09-26 16:35:01', '2020-11-11 14:20:42', '923888888888', 4458, '2020-09-26 20:35:41', b'1'),
(131, '2020-09-27 04:37:41', '2020-11-14 10:56:41', '923093868935', 3195, '2020-09-27 08:38:21', b'1'),
(132, '2020-09-27 06:44:18', '2020-11-11 14:20:42', '923888888888', 1116, '2020-09-27 10:44:58', b'1'),
(133, '2020-09-27 06:45:46', '2020-11-11 14:20:42', '923888888888', 3737, '2020-09-27 10:46:26', b'1'),
(134, '2020-09-27 12:24:45', '2020-11-11 14:20:42', '923888888888', 2852, '2020-09-27 16:25:25', b'1'),
(135, '2020-09-27 18:27:58', '2020-11-14 10:56:41', '923093868935', 7480, '2020-09-27 22:28:38', b'1'),
(136, '2020-09-29 06:03:15', '2020-11-14 10:56:41', '923093868935', 6284, '2020-09-29 10:03:55', b'1'),
(137, '2020-09-30 12:18:19', '2020-10-06 16:52:04', '923458113142', 8510, '2020-09-30 16:18:59', b'1'),
(138, '2020-09-30 12:27:01', '2020-11-14 10:56:41', '923093868935', 5508, '2020-09-30 16:27:41', b'1'),
(139, '2020-10-01 06:13:53', '2020-11-12 13:27:26', '923332349682', 6418, '2020-10-01 10:14:33', b'1'),
(140, '2020-10-01 13:20:43', '2020-11-14 10:56:41', '923093868935', 8195, '2020-10-01 17:21:23', b'1'),
(141, '2020-10-02 08:08:17', '2020-10-02 18:32:02', '923459236839', 4381, '2020-10-02 12:08:57', b'1'),
(142, '2020-10-02 08:08:42', '2020-10-02 18:32:02', '923459236839', 5920, '2020-10-02 12:09:22', b'1'),
(143, '2020-10-02 14:31:57', '2020-10-02 18:32:02', '923459236839', 8534, '2020-10-02 18:32:37', b'1'),
(144, '2020-10-03 05:31:16', '2020-11-14 10:56:41', '923093868935', 9100, '2020-10-03 09:31:56', b'1'),
(145, '2020-10-05 08:21:55', '2020-10-05 12:26:28', '923122264990', 9102, '2020-10-05 12:22:35', b'1'),
(146, '2020-10-05 08:25:57', '2020-11-14 10:56:41', '923093868935', 3256, '2020-10-05 12:26:37', b'1'),
(147, '2020-10-05 08:26:23', '2020-10-05 12:26:28', '923122264990', 4975, '2020-10-05 12:27:03', b'1'),
(148, '2020-10-05 13:06:01', '2020-11-14 10:56:41', '923093868935', 8607, '2020-10-05 17:06:41', b'1'),
(149, '2020-10-06 12:51:57', '2020-10-06 16:52:04', '923458113142', 9080, '2020-10-06 16:52:37', b'1'),
(150, '2020-10-08 10:59:06', '2020-11-14 10:56:41', '923093868935', 2806, '2020-10-08 14:59:46', b'1'),
(151, '2020-10-09 05:31:16', '2020-11-12 13:27:26', '923332349682', 8233, '2020-10-09 09:31:56', b'1'),
(152, '2020-10-13 17:01:51', NULL, '923216910563', 9642, '2020-10-13 21:02:31', b'0'),
(153, '2020-10-13 17:35:32', NULL, '923068101958', 7934, '2020-10-13 21:36:12', b'0'),
(154, '2020-10-13 17:36:54', NULL, '923068101958', 7052, '2020-10-13 21:37:34', b'0'),
(155, '2020-10-13 17:38:18', NULL, '923216910563', 5019, '2020-10-13 21:38:58', b'0'),
(156, '2020-10-14 00:44:07', NULL, '923216910563', 2761, '2020-10-14 04:44:47', b'0'),
(157, '2020-10-14 00:47:22', NULL, '923068101958', 2321, '2020-10-14 04:48:02', b'0'),
(158, '2020-10-17 07:04:20', '2020-11-12 13:27:26', '923332349682', 9263, '2020-10-17 11:05:00', b'1'),
(159, '2020-10-19 06:46:03', '2020-11-27 11:51:11', '923460030581', 1254, '2020-10-19 10:46:43', b'1'),
(160, '2020-10-23 06:29:09', '2020-11-14 10:56:41', '923093868935', 6044, '2020-10-23 10:29:49', b'1'),
(161, '2020-10-23 07:57:28', '2020-11-14 10:56:41', '923093868935', 3135, '2020-10-23 11:58:08', b'1'),
(162, '2020-10-24 14:31:31', '2020-11-14 10:56:41', '923093868935', 7418, '2020-10-24 18:32:11', b'1'),
(163, '2020-10-25 16:14:37', '2020-11-14 10:56:41', '923093868935', 2005, '2020-10-25 20:15:17', b'1'),
(164, '2020-10-25 16:17:58', '2020-11-14 10:56:41', '923093868935', 4431, '2020-10-25 20:18:38', b'1'),
(165, '2020-10-25 16:26:16', '2020-11-14 10:56:41', '923093868935', 1488, '2020-10-25 20:26:56', b'1'),
(166, '2020-10-25 16:32:07', '2020-11-14 10:56:41', '923093868935', 2799, '2020-10-25 20:32:47', b'1'),
(167, '2020-10-25 18:04:42', '2020-11-14 10:56:41', '923093868935', 1872, '2020-10-25 22:05:22', b'1'),
(168, '2020-10-26 05:10:57', '2020-11-14 10:56:41', '923093868935', 4162, '2020-10-26 09:11:37', b'1'),
(169, '2020-10-27 09:39:27', '2020-11-06 13:40:35', '923463332242', 8740, '2020-10-27 13:40:07', b'1'),
(170, '2020-10-27 14:18:36', '2020-11-06 13:40:35', '923463332242', 5948, '2020-10-27 18:19:16', b'1'),
(171, '2020-10-27 14:21:14', '2020-11-06 13:40:35', '923463332242', 3689, '2020-10-27 18:21:54', b'1'),
(172, '2020-10-28 15:59:12', '2020-11-14 10:56:41', '923093868935', 5642, '2020-10-28 19:59:52', b'1'),
(173, '2020-10-29 07:13:15', '2020-11-14 10:56:41', '923093868935', 1617, '2020-10-29 11:13:55', b'1'),
(174, '2020-11-01 04:18:35', '2020-11-14 10:56:41', '923093868935', 5558, '2020-11-01 09:19:15', b'1'),
(175, '2020-11-01 13:29:24', '2020-11-06 13:40:35', '923463332242', 4831, '2020-11-01 18:30:04', b'1'),
(176, '2020-11-01 13:29:24', '2020-11-06 13:40:35', '923463332242', 1219, '2020-11-01 18:30:04', b'1'),
(177, '2020-11-02 04:01:14', '2020-11-14 10:56:41', '923093868935', 1585, '2020-11-02 09:01:54', b'1'),
(178, '2020-11-02 09:08:11', '2020-11-06 13:40:35', '923463332242', 2249, '2020-11-02 14:08:51', b'1'),
(179, '2020-11-02 09:09:44', '2020-11-06 13:40:35', '923463332242', 3695, '2020-11-02 14:10:24', b'1'),
(180, '2020-11-04 03:01:40', '2020-11-06 13:40:35', '923463332242', 2214, '2020-11-04 08:02:20', b'1'),
(181, '2020-11-04 05:52:21', '2020-11-14 10:56:41', '923093868935', 4502, '2020-11-04 10:53:01', b'1'),
(182, '2020-11-05 07:54:00', '2020-11-06 13:40:35', '923463332242', 7551, '2020-11-05 12:54:40', b'1'),
(183, '2020-11-05 08:10:20', '2020-11-06 13:40:35', '923463332242', 2736, '2020-11-05 13:11:00', b'1'),
(184, '2020-11-05 08:11:53', '2020-11-06 13:40:35', '923463332242', 4059, '2020-11-05 13:12:33', b'1'),
(185, '2020-11-06 07:08:23', '2020-11-14 10:56:41', '923093868935', 6568, '2020-11-06 12:09:03', b'1'),
(186, '2020-11-06 08:40:24', '2020-11-06 13:40:35', '923463332242', 7686, '2020-11-06 13:41:04', b'1'),
(187, '2020-11-07 06:57:59', '2020-11-14 10:56:41', '923093868935', 6512, '2020-11-07 11:58:39', b'1'),
(188, '2020-11-10 05:56:20', '2020-11-14 10:56:41', '923093868935', 7537, '2020-11-10 10:57:00', b'1'),
(189, '2020-11-11 09:20:36', '2020-11-11 14:20:42', '923888888888', 5653, '2020-11-11 14:21:16', b'1'),
(190, '2020-11-11 09:32:28', '2020-11-11 14:32:33', '923777777777', 8277, '2020-11-11 14:33:08', b'1'),
(191, '2020-11-12 08:27:21', '2020-11-12 13:27:26', '923332349682', 3844, '2020-11-12 13:28:01', b'1'),
(192, '2020-11-13 16:26:35', NULL, '923122264990', 1052, '2020-11-13 21:27:15', b'0'),
(193, '2020-11-14 05:56:37', '2020-11-14 10:56:41', '923093868935', 5761, '2020-11-14 10:57:17', b'1'),
(194, '2020-11-19 06:03:08', NULL, '923322360717', 5305, '2020-11-19 11:03:48', b'0'),
(195, '2020-11-19 06:03:37', NULL, '923322360717', 1582, '2020-11-19 11:04:17', b'0'),
(196, '2020-11-25 13:17:09', '2020-11-27 11:51:11', '923460030581', 5140, '2020-11-25 18:17:49', b'1'),
(197, '2020-11-27 06:51:05', '2020-11-27 11:51:11', '923460030581', 2875, '2020-11-27 11:51:45', b'1'),
(198, '2020-11-30 10:26:06', '2020-11-30 15:27:05', '923999999999', 4905, '2020-11-30 15:26:46', b'1'),
(199, '2020-11-30 10:27:00', '2020-11-30 15:27:05', '923999999999', 1046, '2020-11-30 15:27:40', b'1');

-- --------------------------------------------------------

--
-- Table structure for table `grocery_places`
--

CREATE TABLE `grocery_places` (
  `place_name` varchar(20) NOT NULL,
  `level` int(3) NOT NULL
) ENGINE=InnoDB DEFAULT CHARSET=latin1;

--
-- Dumping data for table `grocery_places`
--

INSERT INTO `grocery_places` (`place_name`, `level`) VALUES
('Pakistan', 0),
('Karachi', 1),
('Lahore', 1),
('Islamabad', 1),
('Peshawar', 1),
('Quetta', 1),
('Faisalabad', 1),
('Rawalpindi', 1),
('Hyderabad', 1),
('Multan', 1),
('Gujranwala', 1);

-- --------------------------------------------------------

--
-- Table structure for table `grocery_products`
--

CREATE TABLE `grocery_products` (
  `ProductId` int(11) NOT NULL,
  `ProductName` varchar(85) NOT NULL,
  `Category` int(3) NOT NULL,
  `Unit` int(3) NOT NULL,
  `SaleUnitQty` int(11) DEFAULT NULL,
  `SaleUnit` int(11) DEFAULT NULL,
  `UnitId` int(11) NOT NULL DEFAULT 1,
  `OriginalPrice` int(11) NOT NULL,
  `Price` int(11) NOT NULL,
  `SalePrice` int(11) NOT NULL,
  `Status` bit(1) NOT NULL DEFAULT b'1',
  `ProductImg` varchar(70) NOT NULL,
  `CreatedOn` datetime NOT NULL DEFAULT current_timestamp(),
  `ModifiedOn` datetime NOT NULL DEFAULT current_timestamp(),
  `IsFeatured` bit(1) NOT NULL DEFAULT b'0',
  `IsHot` bit(1) NOT NULL DEFAULT b'0',
  `Brand` int(10) NOT NULL DEFAULT 1,
  `tags` varchar(255) DEFAULT NULL,
  `stock` tinyint(1) NOT NULL DEFAULT 1,
  `season` tinyint(1) NOT NULL DEFAULT 1,
  `sort` int(11) NOT NULL
) ENGINE=InnoDB DEFAULT CHARSET=latin1;

--
-- Dumping data for table `grocery_products`
--

INSERT INTO `grocery_products` (`ProductId`, `ProductName`, `Category`, `Unit`, `SaleUnitQty`, `SaleUnit`, `UnitId`, `OriginalPrice`, `Price`, `SalePrice`, `Status`, `ProductImg`, `CreatedOn`, `ModifiedOn`, `IsFeatured`, `IsHot`, `Brand`, `tags`, `stock`, `season`, `sort`) VALUES
(1, 'Banana', 8, 1, NULL, NULL, 1, 50, 60, 55, b'1', 'assets/img/products/d160713236ba2f2d94ebd82c500fd051.jpg', '2020-07-14 00:00:00', '2020-07-14 00:00:00', b'1', b'1', 2, NULL, 1, 1, 1),
(2, 'Cauliflower', 7, 1, NULL, NULL, 1, 25, 35, 35, b'1', 'assets/img/products/cauliflower.png', '2020-07-14 21:29:05', '2020-07-14 21:29:05', b'0', b'0', 1, NULL, 1, 1, 2),
(3, 'Orange', 8, 1, NULL, NULL, 1, 190, 200, 150, b'1', 'assets/img/products/orange.png', '2020-07-14 21:30:04', '2020-07-14 21:30:04', b'1', b'0', 1, NULL, 1, 1, 3),
(5, 'Tomato', 7, 1, NULL, NULL, 1, 46, 56, 45, b'1', 'assets/img/products/Tomato.png', '2020-07-14 21:31:52', '2020-07-14 21:31:52', b'1', b'0', 1, NULL, 1, 1, 4),
(6, 'Grapes', 8, 1, NULL, NULL, 1, 390, 400, 400, b'1', 'assets/img/products/grapes.png', '2020-07-14 23:21:22', '2020-07-14 23:21:22', b'1', b'0', 1, NULL, 1, 1, 5),
(7, 'Apple', 8, 1, NULL, NULL, 1, 240, 250, 200, b'1', 'assets/img/products/apple.jpg', '2020-07-14 23:22:12', '2020-07-14 23:22:12', b'1', b'0', 1, NULL, 1, 1, 6),
(8, 'Onion', 7, 1, NULL, NULL, 1, 40, 50, 50, b'1', 'assets/img/products/onion.jpg', '2020-07-14 23:44:31', '2020-07-14 23:44:31', b'0', b'0', 1, NULL, 1, 1, 7),
(10, 'Ginger', 7, 1, NULL, NULL, 1, 70, 80, 70, b'1', 'assets/img/products/ginger.png', '2020-07-15 12:38:57', '2020-07-15 15:38:57', b'1', b'0', 1, NULL, 1, 1, 8),
(11, 'Cucumber', 7, 1, NULL, NULL, 1, 70, 80, 70, b'0', 'assets/img/product/cucumber.jpg', '2020-07-15 12:39:58', '2020-07-15 15:39:58', b'0', b'0', 1, NULL, 1, 1, 9),
(16, 'Potato', 7, 1, NULL, NULL, 1, 42, 50, 55, b'1', 'assets/img/products/2867b5b52ad4b082fae0ee4750924eb5.jpg', '2020-07-16 08:11:55', '2020-08-22 16:34:37', b'1', b'1', 0, NULL, 1, 1, 10),
(17, 'Kaddu', 22, 1, NULL, NULL, 1, 70, 80, 92, b'1', 'assets/img/products/d074c07387a2cfc3f9b0fb2606549028.jpg', '2020-08-03 08:15:27', '2020-08-03 11:15:27', b'1', b'1', 1, NULL, 1, 1, 11),
(18, 'Bangon', 7, 1, NULL, NULL, 1, 75, 85, 80, b'1', 'assets/img/products/44f2be95ba0311d6467df4444594887a.jpg', '2020-08-21 19:02:46', '2020-08-21 22:02:46', b'0', b'1', 0, NULL, 1, 1, 12),
(19, 'Bottle Gourd / Loki', 7, 0, NULL, NULL, 1, 50, 70, 60, b'1', 'assets/img/product.png', '2020-09-04 12:38:18', '2020-09-04 08:38:18', b'1', b'0', 1, NULL, 1, 1, 13),
(20, 'Al Khubz', 12, 0, NULL, NULL, 1, 350, 370, 0, b'0', 'assets/img/product.png', '2020-09-04 13:20:25', '2020-09-04 09:20:25', b'0', b'0', 1, NULL, 1, 1, 14),
(21, 'Al Khubz', 40, 1, NULL, NULL, 1, 350, 370, 350, b'1', 'assets/img/products/305ede41348d6265dc946c3c961e5bf6.jpg', '2020-09-04 14:04:56', '2020-09-04 14:06:41', b'1', b'1', 0, NULL, 1, 1, 15),
(22, 'Guard Super Basmati ', 45, 1, NULL, NULL, 1, 1220, 1245, 1245, b'1', 'assets/img/products/c87ef24857f9ba524bda818850abdb5b.jpg', '2020-09-04 14:23:02', '2020-09-04 14:36:14', b'1', b'1', 30, NULL, 1, 1, 16),
(23, 'Dove Shampoo', 23, 1, NULL, NULL, 1, 480, 510, 510, b'1', 'assets/img/products/c47d5261b52a03d626ce58a7da55172b.png', '2020-09-05 16:00:25', '2020-09-05 12:00:25', b'1', b'0', 1, NULL, 1, 1, 17),
(24, 'Sufi Sunflower Cooking Oil 3L', 41, 1, NULL, NULL, 1, 700, 780, 780, b'1', 'assets/img/products/84ee4414ac9b2d867daa42494482047b.png', '2020-09-05 16:23:39', '2020-09-05 12:23:39', b'1', b'1', 1, NULL, 1, 1, 18),
(25, 'National Biryani Masala Mix 90 Grams', 49, 1, NULL, NULL, 1, 135, 140, 140, b'1', 'assets/img/products/91debf8ced92658af8f86874d7c079d2.png', '2020-09-05 16:38:33', '2020-09-05 16:40:27', b'1', b'1', 0, NULL, 1, 1, 19),
(26, 'Banana', 78, 1, NULL, NULL, 1, 120, 140, 140, b'0', 'assets/img/products/481db9a3d62f267b5f89957644c3f997.jpg', '2020-09-09 14:01:15', '2020-09-09 18:40:31', b'1', b'1', 28, NULL, 1, 1, 20),
(27, 'Apple', 78, 1, NULL, NULL, 1, 120, 140, 140, b'1', 'assets/img/products/f8bee837773af8a23905c8931308f155.jpg', '2020-09-09 14:04:13', '2020-09-09 14:08:48', b'1', b'1', 0, NULL, 1, 1, 21),
(28, 'Mango', 78, 1, NULL, NULL, 1, 120, 140, 140, b'1', 'assets/img/products/4c4785b769bd9a5c081f9dc1aa2259d0.jpg', '2020-09-09 18:19:43', '2020-09-09 19:49:26', b'0', b'0', 28, NULL, 1, 1, 22),
(29, 'Muskmelon / Kharbooz', 78, 1, NULL, NULL, 1, 120, 140, 140, b'1', 'assets/img/products/1a99db59c851fd96e611235edbe1e364.jpg', '2020-09-09 18:32:48', '2020-09-09 14:32:48', b'0', b'0', 1, NULL, 1, 1, 23),
(30, 'Galia Melon / Sarda', 78, 1, NULL, NULL, 1, 120, 140, 140, b'1', 'assets/img/products/fb63dbfa21063ef4244d718f9b3ea10a.jpg', '2020-09-09 18:36:46', '2020-09-09 14:36:46', b'0', b'0', 1, NULL, 1, 1, 24),
(31, 'Grapes', 78, 1, NULL, NULL, 1, 120, 140, 140, b'1', 'assets/img/products/e67e6a9a1a94c910877ce7ead9b86418.jpg', '2020-09-09 18:39:56', '2020-09-09 19:48:50', b'0', b'0', 0, NULL, 1, 1, 25),
(32, 'Banana', 78, 1, NULL, NULL, 1, 120, 140, 140, b'1', 'assets/img/products/ffc5c6d170c9ecaf76ce13eef4b29e36.jpg', '2020-09-09 18:41:42', '2020-09-09 19:49:33', b'1', b'0', 28, NULL, 1, 1, 26),
(33, 'Pear', 78, 1, NULL, NULL, 1, 120, 140, 140, b'1', 'assets/img/products/13c28a787b968c33cb8e47ab79c67c76.jpg', '2020-09-09 18:45:20', '2020-09-09 14:45:20', b'0', b'0', 1, NULL, 1, 1, 27),
(34, 'Peach', 78, 1, NULL, NULL, 1, 120, 140, 140, b'1', 'assets/img/products/969124638b4c11ef753354c67602e5d7.jpg', '2020-09-09 18:46:34', '2020-09-09 14:46:34', b'0', b'0', 1, NULL, 1, 1, 28),
(35, 'Plum', 78, 1, NULL, NULL, 1, 120, 140, 140, b'1', 'assets/img/products/6c53b6d2ce0d4e551686855475fb506c.jpg', '2020-09-09 18:47:50', '2020-09-09 14:47:50', b'0', b'0', 1, NULL, 1, 1, 29),
(36, 'Apricot ', 78, 1, NULL, NULL, 1, 120, 140, 140, b'1', 'assets/img/products/09a86760b83dda2a091b487d16d718a0.jpg', '2020-09-09 18:50:51', '2020-09-09 14:50:51', b'0', b'0', 1, NULL, 1, 1, 30),
(37, 'Watermelon', 78, 1, NULL, NULL, 1, 120, 140, 140, b'1', 'assets/img/products/a0476dcfb2d38e5d195b9a0e3c3b7684.jpg', '2020-09-09 18:53:06', '2020-09-09 14:53:06', b'0', b'0', 1, NULL, 1, 1, 31),
(38, 'Banana', 195, 9, 1, 9, 1, 130, 150, 150, b'1', 'assets/img/products/bb3112fc943f1163ad0b1d2f907694f7.jpg', '2020-09-14 12:34:29', '2020-09-21 14:52:26', b'1', b'1', 28, 'Banana', 1, 1, 32),
(39, 'National Biryani Masala 90 Grams', 12, 3, 10, 3, 1, 120, 140, 140, b'1', 'assets/img/products/fd3ce4df30975a4deb785bb8031cb388.png', '2020-09-14 12:56:15', '2020-09-16 18:29:23', b'1', b'1', 23, 'National Biryani Masala,Biryani Masala,90 Grams', 1, 1, 33),
(40, 'Apple', 195, 1, 1, 1, 1, 120, 140, 140, b'1', 'assets/img/products/d54b2722de1468692a57feb7f95e1314.jpg', '2020-09-14 19:10:31', '2020-09-21 11:35:41', b'1', b'1', 28, '', 1, 1, 34),
(41, 'Apricot', 195, 1, 1, 1, 1, 120, 140, 140, b'1', 'assets/img/products/9b2f269e640688bc070ba47a3db86ce5.jpg', '2020-09-14 19:11:49', '2020-09-20 17:36:53', b'0', b'0', 28, '', 1, 1, 35),
(42, 'Dove Shampoo', 183, 17, 1, 17, 1, 1120, 1140, 1140, b'1', 'assets/img/products/78c7e1a1278e52f68e0ca39f05698384.png', '2020-09-14 19:13:09', '2020-09-21 14:02:20', b'0', b'0', 4, '', 1, 1, 36),
(43, 'AA Aata', 191, 1, 1, 1, 1, 350, 370, 370, b'1', 'assets/img/products/ffc0bda45aa8ecdbee1a8ef703d8af6e.png', '2020-09-15 14:18:34', '2020-11-13 14:00:37', b'0', b'0', 33, 'Extra fine', 1, 1, 38),
(44, 'Bake Parlour Chakki Aata', 191, 1, 5, 1, 1, 350, 370, 370, b'1', 'assets/img/products/86a9bfafa4d7c4333b8e6dc7417b53bd.png', '2020-09-15 14:24:23', '2020-11-13 14:00:42', b'0', b'0', 34, '', 1, 1, 37),
(45, 'Sauda Express Chakki Aata', 191, 1, NULL, NULL, 1, 350, 370, 370, b'0', 'assets/img/products/c1d5f21e2ad6e3929129eef74c992428.jpg', '2020-09-15 14:57:12', '2020-09-15 17:34:58', b'0', b'0', 28, NULL, 1, 1, 39),
(46, 'Sadi Chakki Aata', 191, 1, 5, 1, 1, 350, 370, 370, b'1', 'assets/img/products/82fa1b06da967c85ed8a441a3858ecba.png', '2020-09-15 15:24:34', '2020-09-28 15:55:03', b'1', b'1', 35, 'Chakki Aata,Sadi', 1, 1, 40),
(47, 'Falak Premium - 5 kg', 207, 1, 5, 1, 1, 1215, 1265, 1265, b'1', 'assets/img/products/78c7462772e5da9e1ac598cef133db3e.png', '2020-09-15 15:51:44', '2020-09-28 16:15:41', b'0', b'0', 37, 'Falak Premium,5 kg', 1, 1, 41),
(48, 'Falak Extreme - 5 KG', 207, 1, 5, 1, 1, 1075, 1125, 1125, b'1', 'assets/img/products/b8ef9b8c830200996f568eae3452d50f.png', '2020-09-15 17:37:34', '2020-09-28 16:15:04', b'0', b'0', 37, 'Falak Extreme,5 KG', 1, 1, 42),
(49, 'Falak Extreme - 1KG', 207, 1, 1, 1, 1, 215, 225, 225, b'1', 'assets/img/products/5dad1c56c7b08084d4610bf7ba3bff98.png', '2020-09-15 17:45:30', '2020-09-28 16:14:11', b'0', b'0', 37, 'Falak,Falak Extreme,1KG', 1, 1, 43),
(50, 'Guard Super Basmati - 5 kg', 207, 1, 5, 1, 1, 1120, 1, 1, b'0', 'assets/img/products/140df80f597709591208ba916855a5f6.jpg', '2020-09-18 07:51:19', '2020-09-26 19:01:45', b'0', b'0', 38, 'Guard ,5 Kg', 1, 1, 44),
(51, 'Tomato Ketchup Knorr 800 g', 215, 16, 1, 16, 1, 219, 248, 248, b'1', 'assets/img/products/ee43863d6ef8ce7b4ed8884d0c1c79cf.png', '2020-09-18 10:14:49', '2020-09-20 09:52:37', b'0', b'0', 39, '800 grams,Knorr,Tomato Ketchup', 1, 1, 45),
(52, 'Tomato Ketchup Knorr 300 g ', 215, 16, 1, 16, 1, 88, 95, 95, b'1', 'assets/img/products/f0bab744e7ce0ffc57c6907906afae28.jpg', '2020-09-18 11:01:37', '2020-09-20 09:51:29', b'0', b'0', 39, 'Knorr,Tomato Ketchup,300 g', 1, 1, 46),
(53, 'Chilli Garlic Sauce Knorr 800 gram pouch', 216, 16, 1, 16, 1, 224, 250, 250, b'1', 'assets/img/products/ae2f8a4434febb31dd2a63e0a22411bc.png', '2020-09-18 11:13:31', '2020-09-28 16:51:45', b'0', b'0', 39, 'Knorr,Chilli Garlic Sauce,Pouch', 1, 1, 47),
(54, 'Chilli Garlic Sauce Ahmed 300 grams bott', 216, 17, 1, 17, 1, 80, 86, 86, b'1', 'assets/img/products/2187001ca9d78fb53d68c94d7cce79f6.png', '2020-09-18 12:28:05', '2020-09-28 16:52:29', b'0', b'0', 40, 'Ahmed,Chilli Garlic Sauce', 1, 1, 48),
(55, 'Watermelon', 195, 1, 1, 1, 1, 120, 140, 140, b'1', 'assets/img/products/560143fb9c94b88eb276a0e86ad755c0.jpg', '2020-09-18 19:30:38', '2020-09-20 17:35:21', b'0', b'0', 28, '', 1, 1, 49),
(56, 'Peach', 195, 1, 1, 1, 1, 130, 140, 140, b'1', 'assets/img/products/72304d7f39da671f098fac2dbe229bc6.jpg', '2020-09-18 19:31:22', '2020-09-20 17:35:07', b'0', b'0', 28, '', 1, 1, 50),
(57, 'Mango', 195, 1, 1, 1, 1, 120, 140, 140, b'1', 'assets/img/products/c7ac9d4b58ba2ab27953ea210f8d864b.jpg', '2020-09-18 19:31:53', '2020-11-26 17:55:30', b'0', b'0', 28, '', 2, 0, 51),
(58, 'Plum', 195, 1, 1, 1, 1, 120, 140, 140, b'1', 'assets/img/products/9c7b4f088d773fc202bace8ff1898002.jpg', '2020-09-18 19:32:29', '2020-09-20 17:34:07', b'0', b'0', 28, '', 1, 1, 52),
(59, 'Pear', 195, 1, 1, 1, 1, 120, 140, 140, b'1', 'assets/img/products/7bb7819c0ff082b3d3689bd52d6513d9.jpg', '2020-09-18 19:33:02', '2020-09-20 17:33:18', b'0', b'0', 28, '', 1, 1, 53),
(60, 'Muskmelon Kharbooz', 195, 1, 1, 1, 1, 120, 140, 140, b'1', 'assets/img/products/1058c805bfdd166249a9f083e9b97505.jpg', '2020-09-18 19:33:50', '2020-09-20 17:34:56', b'0', b'0', 28, '', 1, 1, 54),
(61, 'Rock Melon Garma', 195, 1, 1, 1, 1, 120, 140, 140, b'1', 'assets/img/products/698ba69be4c5695419b4cc7d66ee50a8.jpg', '2020-09-18 19:34:28', '2020-09-20 17:34:42', b'0', b'0', 28, '', 1, 1, 55),
(62, 'Galia-Melon-Sarda', 195, 1, 1, 1, 1, 120, 140, 140, b'1', 'assets/img/products/9e68da7a51a19a4a65b5d7cc43ad0abd.jpg', '2020-09-18 19:35:48', '2020-09-20 17:34:24', b'0', b'0', 28, '', 1, 1, 56),
(63, 'Grapes1', 195, 1, 1, 1, 1, 120, 140, 140, b'0', 'assets/img/products/ceead8ebf67edf71b859a087b2b73b9e.jpg', '2020-09-18 19:36:14', '2020-09-18 15:36:14', b'0', b'0', 1, '', 1, 1, 57),
(64, 'Tomato Ketchup Mitchell\'s 825 g', 215, 17, 1, 17, 1, 215, 245, 245, b'1', 'assets/img/products/1b7422e473fda5e8feb3d28d59d919da.jpg', '2020-09-19 09:29:14', '2020-09-20 09:53:25', b'0', b'0', 11, 'Mitchell\'s,Tomato Ketchup,825 g', 1, 1, 58),
(65, 'Tomato Ketchup Mitchell\'s 300 g', 215, 17, 1, 17, 1, 80, 88, 88, b'1', 'assets/img/products/94eb403014e3dbd85b44b10586f12885.jpg', '2020-09-19 13:59:39', '2020-09-19 09:59:39', b'0', b'0', 1, '', 1, 1, 59),
(66, 'Tomato Ketchup Mitchell\'s 500 g', 215, 16, 1, 16, 1, 195, 220, 220, b'1', 'assets/img/products/08f21d857dc8dffbf483aaca2bc0401e.jpg', '2020-09-19 14:10:15', '2020-09-20 09:50:24', b'0', b'0', 11, 'Mitchell\'s,Tomato Ketchup,500 g', 1, 1, 60),
(67, 'Tomato Ketchup Mitchell\'s 1 kg', 215, 16, 1, 16, 1, 240, 260, 260, b'1', 'assets/img/products/b7d2789b3b83cf20fd3950207955cac7.jpg', '2020-09-19 14:15:55', '2020-09-20 09:49:43', b'0', b'0', 11, 'Mitchell\'s,Tomato Ketchup,1 kg', 1, 1, 61),
(68, 'Tomato Ketchup National 235 g', 215, 16, 1, 16, 1, 60, 70, 70, b'1', 'assets/img/products/4c518673e5730ec780609d32cd9e7c62.jpg', '2020-09-19 17:55:27', '2020-09-20 09:55:04', b'0', b'0', 7, 'National,Tomato Ketchup,235 g', 1, 1, 62),
(69, 'Tomato Ketchup National 500 g', 215, 16, 1, 16, 1, 200, 220, 220, b'1', 'assets/img/products/724ab5f6e191bd6aa9bbcaeddda27946.jpg', '2020-09-19 17:58:03', '2020-09-20 09:55:44', b'0', b'0', 7, 'National,Tomato Ketchup,500 g', 1, 1, 63),
(70, 'Tomato Ketchup National 300 g', 215, 17, 1, 17, 1, 80, 87, 87, b'1', 'assets/img/products/c6125a427c120b3c2efcc0162b9b5873.jpg', '2020-09-19 18:00:36', '2020-09-20 09:47:02', b'0', b'0', 7, 'National,300 g,Tomato Ketchup', 1, 1, 64),
(71, 'Tomato Ketchup National 800 g', 215, 17, 1, 17, 1, 220, 250, 250, b'1', 'assets/img/products/d0c0de453ec1291ffdd04c91eb4881e9.jpg', '2020-09-19 18:05:12', '2020-09-21 17:52:43', b'1', b'0', 7, 'National,800 G,Tomato Ketchup', 1, 1, 65),
(72, 'Tomato Ketchup National 1 kg ', 215, 16, 1, 16, 1, 250, 270, 270, b'1', 'assets/img/products/f31cb44887ce1d77a5237f995a8fc38c.jpg', '2020-09-19 18:07:02', '2020-09-20 09:54:37', b'0', b'0', 7, 'National ,1KG,Tomato Ketchup', 1, 1, 66),
(73, 'Daal Masoor 1 kg', 211, 16, 1, 16, 1, 149, 160, 160, b'1', 'assets/img/products/515cef9351a105a4e555c36a8b6c04fb.png', '2020-09-20 14:56:38', '2020-10-04 18:02:32', b'0', b'0', 0, '', 1, 1, 67),
(74, 'Daal Masoor 1/2 kg', 211, 16, 1, 16, 1, 75, 82, 82, b'1', 'assets/img/products/54345b051b24db069ad107ea07027ea7.png', '2020-09-20 14:58:32', '2020-10-04 18:24:50', b'0', b'0', 28, '', 1, 1, 68),
(75, 'Daal Masoor (whole) 1 kg', 211, 16, 1, 16, 1, 140, 155, 155, b'1', 'assets/img/products/527b7f055d8022e875e2681ab12d5375.png', '2020-09-20 15:00:30', '2020-10-04 18:01:52', b'0', b'0', 0, '', 1, 1, 69),
(76, 'Daal Masoor (whole) 1/2 kg', 211, 16, 1, 16, 1, 70, 78, 78, b'1', 'assets/img/products/62366778932ac251e871ee98a401b8e4.png', '2020-09-20 15:01:55', '2020-10-04 18:24:26', b'0', b'0', 28, '', 1, 1, 70),
(77, 'Daal Moong 1/2 kg', 211, 16, 1, 16, 1, 113, 130, 130, b'1', 'assets/img/products/9e19baf5c83c1fe9c9a7a0f9698168c3.png', '2020-09-20 15:06:05', '2020-10-04 18:22:47', b'0', b'0', 0, '', 1, 1, 71),
(78, 'Daal Moong 1 kg', 211, 16, 1, 16, 1, 225, 250, 250, b'1', 'assets/img/products/06098e774b1c7329d29a9bde4080babf.png', '2020-09-20 15:09:39', '2020-10-04 18:02:10', b'0', b'0', 0, '', 1, 1, 72),
(79, 'Daal Chana 1/2 kg', 211, 16, 1, 16, 1, 75, 85, 85, b'1', 'assets/img/products/7ac82250f264cd38e96fd50209b55f43.png', '2020-09-20 15:16:08', '2020-10-04 18:24:01', b'0', b'0', 28, '', 1, 1, 73),
(80, 'Daal Chana 1 kg', 211, 16, 0, 16, 1, 149, 162, 162, b'1', 'assets/img/products/4879714c7ed927845b3b59f659874f65.png', '2020-09-20 15:17:42', '2020-10-04 18:21:17', b'0', b'0', 0, '', 1, 1, 74),
(81, 'Daal Maash 1/2 kg', 211, 16, 0, 16, 1, 108, 120, 120, b'1', 'assets/img/products/1b4d8a214a48f80b554123408e1b2c8b.png', '2020-09-20 15:20:06', '2020-10-04 17:55:33', b'0', b'0', 0, '', 1, 1, 75),
(82, 'Daal Maash 1 kg', 211, 16, 1, 16, 1, 215, 245, 245, b'1', 'assets/img/products/fdc9dfe31ebd593ab143cff2f72db5aa.png', '2020-09-20 15:21:39', '2020-10-04 18:02:59', b'0', b'0', 0, '', 1, 1, 76),
(83, 'Lobia (Black Eyed Peas) 1/2 kg', 211, 16, 0, 16, 1, 95, 107, 107, b'1', 'assets/img/products/201884a1f71da9e431a08224d7079de8.png', '2020-09-20 15:24:56', '2020-10-04 18:23:31', b'0', b'0', 0, '', 1, 1, 77),
(84, 'Lobia (Black Eyed Peas) 1 kg', 211, 16, 0, 16, 1, 190, 210, 210, b'1', 'assets/img/products/1969e5d2ed4a4b1030f5328a1e3aa1e7.png', '2020-09-20 15:27:10', '2020-10-04 17:54:38', b'0', b'0', 0, '', 1, 1, 78),
(85, 'Sugar 1/2 kg', 208, 16, 1, 16, 1, 49, 53, 53, b'1', 'assets/img/products/eec8f2353a52e6f6dc03867e11ce4acb.png', '2020-09-20 15:30:24', '2020-09-28 16:17:30', b'0', b'0', 0, 'Sugar', 1, 1, 79),
(86, 'Sugar 1 kg', 208, 16, 1, 16, 1, 97, 105, 105, b'1', 'assets/img/products/cecac42880604c60798ad6f8b1f6e1ad.png', '2020-09-20 15:32:57', '2020-09-28 16:16:56', b'0', b'0', 28, 'Sugar', 1, 1, 80),
(87, 'Maida 1/2 kg', 212, 16, 1, 16, 1, 35, 41, 41, b'1', 'assets/img/products/a918572dfb98af9c98735ee74647e1b5.png', '2020-09-20 17:24:14', '2020-10-04 18:39:29', b'0', b'0', 28, '', 1, 1, 81),
(88, 'Maida 1 kg', 212, 16, 1, 16, 1, 69, 82, 82, b'1', 'assets/img/products/98eb2f604691839a871b4488e2c6be25.png', '2020-09-20 17:25:37', '2020-10-04 18:39:05', b'0', b'0', 28, '', 1, 1, 82),
(89, 'Baisen 1/2 kg', 212, 16, 1, 16, 1, 65, 75, 75, b'1', 'assets/img/products/b90c17dc85882fdf11734f5bb9de72f6.png', '2020-09-20 17:27:15', '2020-10-04 18:37:51', b'0', b'0', 28, '', 1, 1, 83),
(90, 'Baisen 1 kg', 212, 16, 1, 16, 1, 129, 148, 148, b'1', 'assets/img/products/1a56b48f167ffa463f53f72204d9d18e.png', '2020-09-20 17:29:41', '2020-10-04 18:37:32', b'0', b'0', 28, '', 1, 1, 84),
(91, 'National Red Chilli Powder 200 g', 213, 18, 1, 18, 1, 238, 265, 265, b'1', 'assets/img/products/58e48a0f17e286e34340c27ec5c075c4.png', '2020-09-21 05:53:39', '2020-09-28 16:33:28', b'0', b'0', 7, 'National,Red Chilli Powder', 1, 1, 85),
(92, 'National Red Chilli Powder 100 g', 213, 18, 1, 18, 1, 120, 134, 134, b'1', 'assets/img/products/2a6b1488e3a7123294cfe9c5ab72576d.png', '2020-09-21 06:02:01', '2020-09-28 16:40:03', b'0', b'0', 7, 'National,Red Chilli Powder', 1, 1, 86),
(93, 'National Red Chilli Powder 400 g', 213, 18, 1, 18, 1, 480, 532, 532, b'1', 'assets/img/products/d80c0798db9155bbc166b05eff76240b.png', '2020-09-21 06:06:27', '2020-09-28 16:39:19', b'0', b'0', 0, 'National,Red Chilli Powder', 1, 1, 87),
(94, 'National Haldi (Turmeric) Powder 100 g', 213, 18, 1, 18, 1, 51, 58, 58, b'1', 'assets/img/products/42602f0d1648e63c842d28fcfdcb45e6.png', '2020-09-21 06:10:33', '2020-09-28 16:37:46', b'0', b'0', 0, 'National,Haldi Powder,Turmeric', 1, 1, 88),
(95, 'Soy Sauce - Key 350 ml', 216, 17, 1, 17, 1, 77, 87, 87, b'1', 'assets/img/products/ba0a4221d59881c3b4178a177aa72649.png', '2020-09-21 14:14:01', '2020-09-28 16:54:08', b'0', b'0', 41, 'Soy Sauce,Key', 1, 1, 89),
(96, 'Pizza Sauce - Salman\'s 370 g', 216, 17, 1, 17, 1, 155, 180, 180, b'1', 'assets/img/products/67db3d573fd900ed4f456031eb0f2304.png', '2020-09-21 14:43:20', '2020-09-28 16:53:01', b'0', b'0', 42, 'Salman\'s,Pizza Sauce', 1, 1, 90),
(97, 'Pasta Sauce - Salman\'s 370 g ', 216, 17, 1, 17, 1, 155, 180, 180, b'1', 'assets/img/products/78679c261fc09cea4581dbab19793983.png', '2020-09-21 14:58:06', '2020-09-28 16:53:27', b'0', b'0', 42, 'Salman\'s,Pasta Sauce', 1, 1, 91),
(98, 'Asli Ghee - Olpers 1 kg', 210, 22, 1, 22, 1, 950, 1100, 1100, b'1', 'assets/img/products/b8dbc35b72a643208924a91c0a4a35b7.png', '2020-09-21 15:30:22', '2020-09-28 16:29:17', b'0', b'0', 43, 'Asli Ghee,Olpers,1 kg', 1, 1, 92),
(99, 'Asli Ghee - Adam\'s 1 kg', 210, 22, 1, 22, 1, 820, 965, 965, b'1', 'assets/img/products/e7fc3229e19933ae423784382bfd61a5.png', '2020-09-21 15:35:20', '2020-09-28 16:29:48', b'0', b'0', 44, 'Asli Ghee,Adam\'s,1 kg', 1, 1, 93),
(100, 'National Haldi (Turmeric) Powder 200 g', 213, 18, 1, 18, 1, 102, 115, 115, b'1', 'assets/img/products/7bc525dce126512f9dede5207a5cde10.png', '2020-09-21 15:44:14', '2020-09-28 16:31:21', b'0', b'0', 7, 'National, Haldi,Powder', 1, 1, 94),
(101, 'National Haldi (Turmeric) Powder 50 g', 213, 18, 1, 18, 1, 26, 30, 30, b'1', 'assets/img/products/37d0a037dee46345e20eaea94d3f831e.png', '2020-09-21 15:46:34', '2020-09-28 16:32:30', b'0', b'0', 7, 'National,Haldi,Haldi Powder,Turmeric', 1, 1, 95),
(102, 'National Dhania (Coriander) Powder 50 g', 213, 18, 50, 20, 1, 37, 42, 42, b'1', 'assets/img/products/1c124266e2eadfd4181a9cd11fcc1c53.png', '2020-09-22 13:33:41', '2020-09-28 16:48:20', b'0', b'0', 7, 'National,Dhania Powder,Coriander Powder', 1, 1, 96),
(103, 'National Dhania (Coriander) Powder 100 g', 213, 18, 100, 20, 1, 73, 87, 87, b'1', 'assets/img/products/ea9032f006d581b40b8331e2c93ff57c.png', '2020-09-22 13:39:34', '2020-09-28 16:47:03', b'0', b'0', 7, 'National,Dhania Powder,Coriander Powder', 1, 1, 97),
(104, 'National Dhania (Coriander) Powder 200 g', 213, 18, 200, 20, 1, 145, 167, 167, b'1', 'assets/img/products/7e887e893db20f78e73ffc455da71bbb.png', '2020-09-22 13:45:05', '2020-09-28 16:47:45', b'0', b'0', 7, 'National,Dhania Powder,Coriander Powder ', 1, 1, 98),
(105, 'National Kali Mirch (Black Pepper)Powder', 213, 18, 1, 18, 1, 44, 61, 61, b'1', 'assets/img/products/1886a7e4c01f35be82bf8e146a34a539.png', '2020-09-22 13:51:35', '2020-09-28 16:43:27', b'0', b'0', 7, 'National,Kali Mirch,Black Pepper Powder', 1, 1, 99),
(106, 'National Kali Mirch (Black Pepper)Powder', 213, 18, 1, 18, 1, 86, 98, 98, b'1', 'assets/img/products/75c1c9f8ad12cf3f31968015102774cf.png', '2020-09-22 13:55:35', '2020-09-28 16:44:14', b'0', b'0', 7, 'National,Kali Mirch,Black Pepper Powder', 1, 1, 100),
(107, 'National Safaid Zeera (Cumin) Powder 50 ', 213, 18, 1, 18, 1, 45, 53, 53, b'1', 'assets/img/products/163a73d78a2897d2750c1f7eb4c3921a.png', '2020-09-22 14:07:20', '2020-09-28 16:41:40', b'0', b'0', 7, 'National,Safaid Zeera,Safaid Zeera Powder,Cumin', 1, 1, 101),
(108, 'National Sabit Zeera (Cumin Seed) 50 g', 213, 18, 1, 18, 1, 44, 52, 52, b'1', 'assets/img/products/573d52e033e0b3870a9a558d757a6bdf.png', '2020-09-22 14:09:07', '2020-09-28 16:40:46', b'0', b'0', 7, 'National,Sabit Zeera,Cumin Seed', 1, 1, 102),
(109, 'Chhoti Elaichi (Green Cardamom) 100 gram', 214, 16, 1, 16, 1, 675, 760, 760, b'1', 'assets/img/products/fd0039ad151306a5f483ce411d17b363.png', '2020-09-24 18:20:38', '2020-10-04 17:42:53', b'0', b'0', 28, '', 1, 1, 103),
(110, 'Sabit Kali Mirch 500 grams', 214, 16, 1, 16, 1, 50, 65, 65, b'1', 'assets/img/products/c8aefd0c276858c3369d28a95702f2e4.png', '2020-09-25 12:50:58', '2020-10-04 18:42:59', b'0', b'0', 28, '', 1, 1, 104),
(111, 'Dhania Powder 100 grams ', 214, 16, 100, 20, 1, 72, 83, 83, b'1', 'assets/img/products/e7a7472e2ab1f477cda3f603527bdb4d.png', '2020-09-25 13:33:56', '2020-10-04 18:47:19', b'0', b'0', 28, '', 1, 1, 105),
(112, 'Kutti laal Mirch - 100 grams ', 214, 16, 1, 16, 1, 89, 105, 105, b'0', 'assets/img/products/7e548404ce80932a6c988147bcfb463a.png', '2020-09-25 13:38:03', '2020-10-04 18:47:31', b'0', b'0', 28, '', 1, 1, 106),
(113, 'Sabit Laal Mirch - 100 grams', 214, 16, 1, 16, 1, 84, 98, 98, b'1', 'assets/img/products/82cebb3d4785c041cc81849a64a6a172.png', '2020-09-25 13:41:18', '2020-10-04 17:42:39', b'0', b'0', 28, '', 1, 1, 107),
(114, 'Dalda Corn Cooking Oil 3 Liter', 206, 17, 1, 17, 1, 950, 1180, 1180, b'1', 'assets/img/products/24e9e912da37e474128a22ce3084887e.png', '2020-09-26 12:20:24', '2020-09-28 16:03:55', b'0', b'0', 45, 'Dalda,Corn Cooking Oil,3 Liter', 1, 1, 108),
(115, 'Dalda Corn Cooking Oil 5 Liter', 206, 17, 1, 17, 1, 1585, 1950, 1950, b'1', 'assets/img/products/bd31dc0be86de0b5721a61acde273b9e.png', '2020-09-26 12:27:32', '2020-09-28 15:57:33', b'0', b'0', 45, 'Dalda,Cooking Oil,5 Liter', 1, 1, 109),
(116, 'Dalda Sunflower Cooking Oil 3 Liter', 206, 17, 1, 17, 1, 750, 825, 825, b'1', 'assets/img/products/deffebe3423f443d3dd962f82f819853.png', '2020-09-26 12:31:58', '2020-09-28 15:58:42', b'0', b'0', 45, 'Dalda,Sunflower,Cooking Oil,3 Liter', 1, 1, 110),
(117, 'Dalda Sunflower Cooking Oil 1 Liter Pouc', 206, 16, 1, 16, 1, 230, 255, 255, b'1', 'assets/img/products/f4943eca26f13045cf2cc1070f86c0dc.png', '2020-09-26 12:43:06', '2020-09-28 15:59:54', b'0', b'0', 45, 'Dalda,Sunflower, Cooking Oil,1 Liter', 1, 1, 111),
(118, 'Dalda Cooking Oil 1 Liter x 5 ', 206, 23, 1, 23, 1, 1190, 1275, 1275, b'1', 'assets/img/products/25ee431239f7248119a3cde17b361816.png', '2020-09-26 15:03:10', '2020-09-28 17:06:58', b'0', b'0', 45, 'Dalda,Cooking Oil,1 Liter', 1, 1, 112),
(119, 'Soya Supreme Cooking Oil 5 Liter', 206, 17, 1, 17, 1, 1189, 1310, 1310, b'1', 'assets/img/products/a875fa0b0dc70a745e9ff265eaf5dc54.png', '2020-09-26 16:01:32', '2020-09-28 16:01:14', b'0', b'0', 46, 'Soya Supreme,Cooking Oil,5 Liter', 1, 1, 113),
(120, 'Soya Supreme Cooking Oil 3 Liter', 206, 17, 1, 17, 1, 715, 795, 795, b'1', 'assets/img/products/28ed70a84aec55b1391da4defcd9cf07.png', '2020-09-26 16:12:03', '2020-09-28 16:01:56', b'0', b'0', 46, 'Soya Supreme,Cooking Oil ,3 Liter', 1, 1, 114),
(121, 'Soya Supreme Cooking Oil 1x5 Liter Cart', 206, 23, 1, 23, 1, 1098, 1235, 1235, b'1', 'assets/img/products/22f7c58a093f1200f4a39378c80e1272.png', '2020-09-26 16:20:18', '2020-09-28 16:03:08', b'0', b'0', 46, 'Soya Supreme,Cooking Oil,1x5 Liter,Carton', 1, 1, 115),
(122, 'Soya Supreme Cooking Oil 10 Liter Jerry ', 206, 24, 1, 24, 1, 2268, 2428, 2428, b'1', 'assets/img/products/d25b0c11a77c7c7dad4a260776fd4a86.png', '2020-09-26 16:25:27', '2020-09-28 16:09:13', b'0', b'0', 46, 'Soya Supreme,Cooking Oil,10 Liter Jerry', 1, 1, 116),
(123, 'Soya Supreme Cooking Oil 16 Liter Jerry ', 206, 24, 1, 24, 1, 3629, 3900, 3900, b'1', 'assets/img/products/575c5d539e330a32d9d4bd2e92055972.png', '2020-09-26 16:28:59', '2020-09-28 16:08:33', b'0', b'0', 46, 'Soya Supreme,Cooking Oil,16 Liter Jerry', 1, 1, 117),
(124, 'Canolive Cooking Oil 1 Liter Pouch', 206, 16, 1, 16, 1, 266, 298, 298, b'1', 'assets/img/products/618e9444f18adf91dc7633712f21d2e0.png', '2020-09-26 16:41:09', '2020-09-28 16:09:53', b'0', b'0', 47, 'Canolive,Cooking Oil,1 Liter Pouch', 1, 1, 118),
(125, 'Canolive Cooking Oil 3 Liter ', 206, 17, 1, 17, 1, 840, 945, 945, b'1', 'assets/img/products/3c9312a725850047c857ebcb17e93471.png', '2020-09-26 16:46:00', '2020-09-28 16:04:55', b'0', b'0', 47, 'Canolive,Cooking Oil,3 Liter', 1, 1, 119),
(126, 'Canolive Cooking Oil 5 Liter ', 206, 17, 1, 17, 1, 1400, 1575, 1575, b'1', 'assets/img/products/3fb66f3017d2f220ddbf18da9cf5548d.png', '2020-09-26 16:48:25', '2020-09-28 16:05:46', b'0', b'0', 47, 'Canolive,Cooking Oil,5 Liter', 1, 1, 120),
(127, 'Rafhan Corn Oil 3 Liter', 206, 17, 1, 17, 1, 1325, 1485, 1485, b'1', 'assets/img/products/7ad09c0fa9aac2fba605c9a0ffdf6e0c.png', '2020-09-26 16:55:03', '2020-09-28 16:06:24', b'0', b'0', 21, 'Rafhan,Corn Oil,3 Liter', 1, 1, 121),
(128, 'Habib Oil 5 Liter', 206, 17, 1, 17, 1, 1168, 1310, 1310, b'1', 'assets/img/products/ff3d967600aab8ab343f6f8b09d3d7cc.png', '2020-09-26 17:09:53', '2020-09-28 16:10:21', b'0', b'0', 48, 'Habib Oil,5 Liter', 1, 1, 122),
(129, 'Habib Oil 1 Liter x 5 Carton', 206, 23, 1, 23, 1, 1089, 1230, 1230, b'1', 'assets/img/products/3297e65a0f3c77babe76d46c2663f7db.png', '2020-09-26 17:17:24', '2020-09-28 16:11:04', b'0', b'0', 48, 'Habib Oil,1 Liter,Carton', 1, 1, 123),
(130, 'Dalda Banaspati 2.5 kg Tin', 209, 22, 0, 22, 1, 695, 780, 780, b'1', 'assets/img/products/9a0821f7edc43cc60a1525b051cedea3.png', '2020-09-26 17:44:14', '2020-09-28 16:27:09', b'0', b'0', 45, 'Dalda Banaspati,2.5 kg,Tin', 1, 1, 124),
(131, 'Dalda Banaspati Ghee 1 kg x 5 Carton', 209, 23, 1, 23, 1, 1080, 1245, 1245, b'1', 'assets/img/products/c68ff7b20ee36217bf9734c76baa6a2d.png', '2020-09-26 18:01:54', '2020-09-28 16:28:17', b'0', b'0', 45, 'Dalda Banaspati Ghee,1 kg,Dalda,Carton', 1, 1, 125),
(132, 'Habib Banaspati 2.5 kg Tin', 209, 22, 1, 22, 1, 575, 650, 650, b'1', 'assets/img/products/9a9a113d344be619383a4febf210c9e5.png', '2020-09-26 18:25:25', '2020-09-28 16:21:45', b'0', b'0', 48, 'Habib Banaspati,2.5 kg,Tin', 1, 1, 126),
(133, 'Habib Banaspati 1 x 5 kg Carton', 209, 23, 1, 23, 1, 1250, 1410, 1410, b'1', 'assets/img/products/706b58584d71ddbe3cecd24bb61acc42.png', '2020-09-26 18:27:57', '2020-09-28 16:22:31', b'0', b'0', 48, 'Habib Banaspati,1 x 5 kg,Carton', 1, 1, 127),
(134, 'Soya Supreme Banaspati Ghee 2.5 kg Tin', 209, 22, 1, 22, 1, 569, 645, 645, b'1', 'assets/img/products/6e2ad1764178b1243d7f76c4189efbb3.png', '2020-09-26 18:48:12', '2020-09-28 16:23:24', b'0', b'0', 46, 'Soya Supreme,Banaspati Ghee,2.5 kg,Tin', 1, 1, 128),
(135, 'Soya Supreme Banaspati Ghee 1 kg Pouch', 209, 16, 1, 16, 1, 220, 250, 250, b'1', 'assets/img/products/3bce3d060c7810922698843136b2462b.png', '2020-09-26 18:52:36', '2020-09-28 16:24:08', b'0', b'0', 46, 'Soya Supreme,Banaspati Ghee,1 kg,Pouch', 1, 1, 129),
(136, 'Guard Super Basmati 5 kg Bag', 207, 1, 5, 1, 1, 1, 1, 1, b'0', 'assets/img/products/fea1ca15e63c1076736e70f495b76c20.jpg', '2020-09-26 18:53:12', '2020-09-26 18:58:20', b'0', b'0', 30, 'Guard,5 Kg', 1, 1, 130),
(137, 'Guard Ultimate 5 kg Bag', 207, 1, 5, 1, 1, 1200, 1265, 1265, b'1', 'assets/img/products/29850d1b51d5ae8b53076f0c75571d19.jpg', '2020-09-26 18:56:09', '2020-09-28 16:16:04', b'0', b'0', 30, 'Guard,5 Kg,Guard Ultimate', 1, 1, 131),
(138, 'Soya Supreme Banaspati Ghee 1 x 5 kg Car', 209, 23, 1, 23, 1, 1080, 1240, 1240, b'1', 'assets/img/products/e72772a1aac6e4e729b6c7a10155fd61.png', '2020-09-26 19:01:16', '2020-09-28 16:25:05', b'0', b'0', 46, 'Soya Supreme,Banaspati Ghee,1 x 5 kg,Carton', 1, 1, 132),
(139, 'Dalda Banaspati Ghee 1 kg Pouch', 209, 16, 1, 16, 1, 215, 254, 254, b'1', 'assets/img/products/0a7bdcab5aa1b03d05e1d80d968e3fdb.png', '2020-09-26 19:05:04', '2020-09-28 16:25:54', b'0', b'0', 45, 'Dalda,Banaspati Ghee,1 kg,Pouch', 1, 1, 133),
(140, 'Habib Banaspati 1 kg Pouch', 209, 16, 1, 16, 1, 210, 247, 247, b'1', 'assets/img/products/c6767451205db04a4cace804ea37f398.png', '2020-09-26 19:07:19', '2020-09-28 16:26:35', b'0', b'0', 48, 'Habib Banaspati,1 kg,Pouch', 1, 1, 134),
(141, 'Canderel 50 Sachet Box', 208, 18, 1, 18, 1, 191, 216, 216, b'1', 'assets/img/products/07f943954da4604caed3f22e683a077b.png', '2020-09-26 20:22:43', '2020-09-28 16:20:37', b'0', b'0', 49, 'Canderel,50 Sachet Box', 1, 1, 135),
(142, 'Canderel 100 Tablets Box', 208, 18, 1, 18, 1, 115, 145, 145, b'1', 'assets/img/products/b87ff8c6c1d3fca9983fb8edae6079ac.png', '2020-09-26 20:28:16', '2020-09-28 16:20:09', b'0', b'0', 49, 'Canderel,100 Tablets Box', 1, 1, 136),
(143, 'Canderel 200 Tablets Box', 208, 18, 1, 18, 1, 220, 265, 265, b'1', 'assets/img/products/ff03dff1b3391433538391bfcf786206.png', '2020-09-26 20:30:38', '2020-09-28 16:19:39', b'0', b'0', 49, 'Canderel,200 Tablets Box', 1, 1, 137),
(144, 'Sucral 50 Sachet Box', 208, 18, 1, 18, 1, 190, 218, 218, b'1', 'assets/img/products/c58ce757bfba959386eca4f41bc9bf41.png', '2020-09-27 06:20:43', '2020-09-28 16:18:27', b'0', b'0', 50, 'Sucral,50 Sachet Box', 1, 1, 138),
(145, 'Sucral 100 Tablet Box', 208, 18, 1, 18, 1, 160, 180, 180, b'1', 'assets/img/products/33c603d72654425c28a5b49ddbf4ae1d.png', '2020-09-27 06:24:30', '2020-09-28 16:19:04', b'0', b'0', 50, 'Sucral ,100 Tablet Box', 1, 1, 139),
(146, 'National Adrak (Ginger) Powder 50 grams', 213, 18, 50, 20, 1, 64, 76, 76, b'1', 'assets/img/products/b98ba6d284e7d11b11baae04b5f4487c.png', '2020-09-27 07:01:04', '2020-09-28 16:46:22', b'0', b'0', 7, 'National,Adrak Powder,Ginger Powder', 1, 1, 140),
(147, 'National Lehsan (Garlic) Powder 50 grams', 213, 18, 50, 20, 1, 64, 76, 76, b'1', 'assets/img/products/944942f043587e70c356a77551dea609.png', '2020-09-27 07:12:45', '2020-09-28 16:45:40', b'0', b'0', 7, 'National,Lehsan Powder,Garlic Powder', 1, 1, 141),
(148, 'National Garam Masala Powder 50 grams', 213, 18, 50, 20, 1, 115, 146, 146, b'1', 'assets/img/products/a86817e2d82cee42d2e30c541e11163c.png', '2020-09-27 07:18:54', '2020-09-28 16:44:56', b'0', b'0', 7, 'National,Garam Masala Powder', 1, 1, 142),
(149, 'Tapal Danedar', 217, 16, 950, 20, 1, 900, 1010, 1010, b'1', 'assets/img/products/cfa14913eb2ed19dee4bc5dcfeb69a4f.png', '2020-09-27 14:40:04', '2020-09-28 16:57:44', b'0', b'0', 27, 'Tapal,Tapal Danedar', 1, 1, 143),
(150, 'Tapal Danedar 475 grams', 217, 16, 475, 20, 1, 450, 510, 510, b'1', 'assets/img/products/0e64dbd07b4cdf09770ddb4c50685214.png', '2020-09-27 14:46:05', '2020-09-28 16:58:14', b'0', b'0', 27, 'Tapal,Tapal Danedar', 1, 1, 144),
(151, 'Tapal Danedar Tea Bags (100 bags)', 217, 18, 100, 25, 1, 398, 448, 448, b'1', 'assets/img/products/68dbe2b62cafbe888516988dd263597c.png', '2020-09-27 18:02:02', '2020-09-28 17:00:37', b'0', b'0', 27, 'Tapal,Tapal Danedar, Tea Bags', 1, 1, 145),
(152, 'Tapal Danedar Tea Bags (80 bags)', 217, 18, 80, 0, 1, 330, 368, 368, b'1', 'assets/img/products/82a58bc32544a5d64ee7d800a510e263.png', '2020-09-27 18:07:08', '2020-09-28 16:59:00', b'0', b'0', 27, 'Tapal,Tapal Danedar,Tea Bags', 1, 1, 146),
(153, 'Tapal Danedar Tea Bags (50 bags)', 217, 18, 50, 25, 1, 197, 224, 224, b'1', 'assets/img/products/05d9f3a5601949ed9daf2562cbc401e0.png', '2020-09-27 18:08:52', '2020-09-28 16:59:29', b'0', b'0', 27, 'Tapal,Tapal Danedar,Tea Bags', 1, 1, 147),
(154, 'Tapal Green Tea (Elaichi)', 217, 18, 30, 25, 1, 105, 118, 118, b'1', 'assets/img/products/5d2f86870f25a316830c25a25c139c8a.png', '2020-09-27 18:26:09', '2020-09-28 17:00:04', b'0', b'0', 27, 'Tapal,Green Tea,Elaichi', 1, 1, 148),
(155, 'Nascafe Classic 50 grams', 218, 17, 50, 20, 1, 319, 365, 365, b'1', 'assets/img/products/2e19b870df46ca37f3c6c01718aa4963.png', '2020-09-27 18:32:24', '2020-09-28 17:02:47', b'0', b'0', 8, 'Nascafe,Nascafe Classic', 1, 1, 149),
(156, 'Nescafe Classic 100 grams', 218, 17, 100, 20, 1, 549, 625, 625, b'1', 'assets/img/products/29ff087c2e7cab72815ceb9044668c2e.png', '2020-09-27 18:34:14', '2020-09-28 17:03:58', b'0', b'0', 8, 'Nescafe,Nescafe Classic', 1, 1, 150),
(157, 'Davidoff Coffee Rich Aroma', 218, 17, 100, 20, 1, 950, 1070, 1070, b'1', 'assets/img/products/33e83939314f5ad8e22e8b5f1a22f044.png', '2020-09-27 18:40:11', '2020-09-28 17:04:48', b'0', b'0', 51, 'Davidoff,Coffee,Davidoff Coffee,Rich Aroma', 1, 1, 151),
(158, 'Davidoff Espresso', 218, 17, 100, 20, 1, 950, 1070, 1070, b'1', 'assets/img/products/0e236302c3d41fdbdba812a8c70b3ef8.png', '2020-09-27 18:42:23', '2020-09-28 17:03:23', b'0', b'0', 51, 'Davidoff,Espresso', 1, 1, 152),
(159, 'Al Khubz Chaki Aata', 191, 25, 5, 1, 1, 350, 375, 375, b'1', 'assets/img/products/2f94608c0dfa913e56dd5191c56ad1c8.png', '2020-09-27 18:46:17', '2020-09-28 15:53:39', b'0', b'0', 32, 'Chaki Aata', 1, 1, 153),
(160, 'Olpers 1 Liter', 219, 19, 1, 13, 1, 142, 153, 153, b'1', 'assets/img/products/0db78fcd8229ae45981bfc7f36389998.png', '2020-09-27 18:50:59', '2020-09-28 18:14:53', b'0', b'0', 43, 'Olpers,Olpers Milk', 1, 1, 154),
(161, 'Lipton Tea Bags (100)', 217, 25, 100, 25, 1, 395, 435, 435, b'1', 'assets/img/products/2d9f2edb609f49befdbbfddd6727f70c.jpg', '2020-09-28 17:57:22', '2020-09-29 09:37:42', b'0', b'0', 52, '', 1, 1, 155),
(162, 'Lipton Tea Bags (50)', 217, 25, 50, 25, 1, 180, 205, 205, b'1', 'assets/img/products/293a2dcc5fb0aac26be5d4ccd12e1433.jpg', '2020-09-28 18:02:13', '2020-09-28 18:03:33', b'0', b'0', 52, '', 1, 1, 156),
(163, 'Lipton Tea Leaves - 950 grams', 217, 18, 950, 20, 1, 890, 960, 960, b'1', 'assets/img/products/78e3882ceafad5f29b0862af9c275479.jpg', '2020-09-28 18:08:14', '2020-09-28 18:09:17', b'0', b'0', 52, '', 1, 1, 157),
(164, 'Lipton Tea Leaves - 475 grams', 217, 18, 475, 20, 1, 425, 480, 480, b'1', 'assets/img/products/bbe5ba8798aa175174feaa909862e310.jpg', '2020-09-28 18:10:52', '2020-09-28 14:10:52', b'0', b'0', 52, '', 1, 1, 158),
(165, 'Milkpak 1 Liter', 219, 18, 1, 13, 1, 143, 155, 155, b'1', 'assets/img/products/bc1e7d4b70b43b0a7d5e0ffec35345cc.jpg', '2020-09-28 18:13:34', '2020-09-28 18:24:07', b'0', b'0', 8, '', 1, 1, 159),
(166, 'Dayfresh 1 Liter', 219, 18, 1, 13, 1, 137, 145, 145, b'1', 'assets/img/products/84b9aea2e78c72f6492af3fa75cc9a1d.png', '2020-09-28 18:16:17', '2020-09-30 07:11:54', b'0', b'0', 53, '', 1, 1, 160),
(167, 'Milkpak 1 Liter (Carton)', 219, 18, 1, 23, 1, 1650, 1810, 1810, b'1', 'assets/img/products/3d1ccd598f1a13c2ca943dc9e320415f.jpg', '2020-09-28 18:20:43', '2020-09-28 18:23:40', b'0', b'0', 8, '', 1, 1, 161),
(168, 'Olpers 1 Liter (Carton)', 219, 18, 1, 23, 1, 1750, 1795, 1795, b'1', 'assets/img/products/2387f0d43bdbbbd20eb8944fcea3cd17.jpg', '2020-09-28 18:22:25', '2020-09-28 14:22:25', b'0', b'0', 43, '', 1, 1, 162),
(169, 'Dayfresh 1 Liter (Carton)', 219, 18, 1, 23, 1, 1645, 1740, 1740, b'1', 'assets/img/products/51f7a3196885c960d95c2769f52d4b8b.jpg', '2020-09-28 18:26:39', '2020-09-28 14:26:39', b'0', b'0', 53, '', 1, 1, 163),
(170, 'Everyday Tea Whitener', 220, 16, 900, 20, 1, 810, 895, 895, b'1', 'assets/img/products/e068fffec7d2909e04350c3b41e824d9.png', '2020-09-28 18:29:48', '2020-10-04 08:45:34', b'0', b'0', 54, '', 1, 1, 164),
(171, 'Everyday Tea Whitener - 600 grams', 220, 16, 600, 20, 1, 525, 595, 595, b'1', 'assets/img/products/fc9ff77656d8ac75a5a5ccc404300d8f.png', '2020-09-28 18:34:21', '2020-10-04 08:45:09', b'0', b'0', 54, '', 1, 1, 165),
(172, 'Tarang Tea Whitener 225 ml', 220, 18, 225, 4, 1, 18, 25, 25, b'1', 'assets/img/products/6033c65e7448274068c43c7cdba346a1.png', '2020-09-28 18:39:24', '2020-10-04 08:45:54', b'0', b'0', 55, '', 1, 1, 166),
(173, 'Milkpak Cream ', 221, 18, 200, 4, 1, 109, 120, 120, b'1', 'assets/img/products/3cab19145cd50460cad693ec37617a7e.png', '2020-09-28 18:44:01', '2020-10-04 08:46:42', b'0', b'0', 56, '', 1, 1, 167),
(174, 'Olpers Cream', 221, 18, 200, 4, 1, 109, 220, 220, b'1', 'assets/img/products/96a78f7150054d791ee9c227f3134031.png', '2020-09-28 18:45:19', '2020-10-04 08:46:23', b'0', b'0', 43, '', 1, 1, 168),
(175, 'Kolson Penne Macaroni ', 222, 16, 400, 20, 1, 78, 90, 90, b'1', 'assets/img/products/5bfd61df28516da7354ece4f0bc55ee6.png', '2020-09-28 18:49:58', '2020-10-04 08:49:41', b'0', b'0', 17, '', 1, 1, 169),
(176, 'Kolson Elbow Macaroni', 222, 16, 400, 20, 1, 78, 90, 90, b'1', 'assets/img/products/63e6a76c2c398f27ab22d4f4c0480eb9.png', '2020-09-28 18:51:28', '2020-10-04 08:49:20', b'0', b'0', 17, '', 1, 1, 170),
(177, 'Kolson Shell Macaroni', 222, 16, 400, 20, 1, 78, 90, 90, b'1', 'assets/img/products/da5dc96f24e08235edc890e4e06d313d.png', '2020-09-28 18:52:51', '2020-10-04 08:48:55', b'0', b'0', 17, '', 1, 1, 171),
(178, 'Kolson Lasagne ', 222, 18, 450, 20, 1, 165, 192, 192, b'1', 'assets/img/products/800c7cf2205e67ec83d591013b15f139.png', '2020-09-28 18:56:26', '2020-10-04 08:47:25', b'0', b'0', 17, '', 1, 1, 172),
(179, 'Kolson Spaghetti', 222, 18, 450, 20, 1, 95, 115, 115, b'1', 'assets/img/products/7cdd74bd1ab2fedc2637c5b120685175.png', '2020-09-28 18:58:36', '2020-10-04 08:47:08', b'0', b'0', 17, '', 1, 1, 173),
(180, 'Bake Parlour Elbow Macaroni', 222, 16, 400, 20, 1, 100, 114, 114, b'1', 'assets/img/products/fa06610ebf4d33507816b0e0636815ae.png', '2020-09-28 19:05:46', '2020-10-04 08:48:36', b'0', b'0', 34, '', 1, 1, 174),
(181, 'Bake Parlour Shell Macaroni', 222, 16, 400, 20, 1, 100, 114, 114, b'1', 'assets/img/products/b2aa5d8fa03b8e03c3e201417dc9501b.png', '2020-09-28 19:07:06', '2020-10-04 08:48:16', b'0', b'0', 34, '', 1, 1, 175),
(182, 'Bake Parlour Spaghetti ', 222, 18, 450, 20, 1, 112, 128, 128, b'1', 'assets/img/products/eeb4286b522c1d26719bb488eace31c5.png', '2020-09-28 19:08:46', '2020-10-04 08:47:48', b'0', b'0', 34, '', 1, 1, 176),
(183, 'Rossmoor Baking Powder', 223, 18, 100, 20, 1, 73, 83, 83, b'1', 'assets/img/products/a1d80c81a2eb614bb9d3906a3e180461.png', '2020-09-28 19:11:58', '2020-10-04 08:50:08', b'0', b'0', 57, '', 1, 1, 177),
(184, 'Mother Choice Baking Soda', 223, 18, 100, 20, 1, 48, 56, 56, b'1', 'assets/img/products/4125e622b920453c28859ff1a28f3b6c.png', '2020-09-28 19:15:09', '2020-10-04 08:51:03', b'0', b'0', 58, '', 1, 1, 178),
(185, 'Rossmoor Coco Powder', 223, 18, 100, 20, 1, 130, 148, 148, b'1', 'assets/img/products/dac0ffca5bcfca46822be4f1af5ca0f1.png', '2020-09-28 19:17:54', '2020-10-04 08:50:42', b'0', b'0', 57, '', 1, 1, 179),
(186, 'National Cornflour ', 223, 18, 300, 20, 1, 65, 74, 74, b'1', 'assets/img/products/21057afdb4e30e40cade577bd3d6f2a9.png', '2020-09-28 19:20:25', '2020-10-04 08:50:26', b'0', b'0', 7, '', 1, 1, 180),
(187, 'Langnese Honey 500 grams', 224, 17, 500, 20, 1, 1485, 1625, 1625, b'1', 'assets/img/products/1db61ad512d8a81b40f4683a06e30232.png', '2020-09-28 19:24:04', '2020-10-04 08:52:01', b'0', b'0', 28, '', 1, 1, 181),
(188, 'Al Shifa Honey 500 grams', 224, 17, 500, 20, 1, 1180, 1295, 1295, b'1', 'assets/img/products/d9e5916022029e0a7dff7ae068036eb3.png', '2020-09-28 19:27:50', '2020-10-04 08:51:41', b'0', b'0', 60, '', 1, 1, 182),
(189, 'Forever Honey 500 grams', 224, 17, 500, 20, 1, 2000, 3000, 3000, b'1', 'assets/img/products/c8a7d4cc21afd645409424a6cf63d88c.png', '2020-09-28 19:29:18', '2020-10-04 08:51:23', b'0', b'0', 62, '', 1, 1, 183),
(190, 'Mitchell\'s Sweet Corns - 850 grams', 228, 22, 850, 20, 1, 209, 245, 245, b'1', 'assets/img/products/252fc73196ad5192ab0e7a04ab441532.png', '2020-09-29 07:47:41', '2020-10-04 08:56:27', b'0', b'0', 11, '', 1, 1, 184),
(191, 'American Garden Sweet Corn - 425 grams', 228, 22, 425, 20, 1, 170, 189, 189, b'1', 'assets/img/products/b9d7068fd69a756b4ec73286c8ff98eb.png', '2020-09-29 07:56:48', '2020-10-04 08:55:11', b'0', b'0', 64, '', 1, 1, 185),
(192, 'Laziza Kheer Mix', 226, 18, 155, 20, 1, 72, 84, 84, b'1', 'assets/img/products/2daf03d4a7f5bc2b5d2bb2cafa6a7313.png', '2020-09-29 08:01:43', '2020-10-04 08:56:47', b'0', b'0', 63, '', 1, 1, 186),
(193, 'Laziza Rasmalai Mix ', 226, 18, 75, 20, 1, 95, 108, 108, b'1', 'assets/img/products/31b82717578bfb40fc7896e8cdc41ac8.png', '2020-09-29 08:04:04', '2020-10-04 08:58:51', b'0', b'0', 63, '', 1, 1, 187),
(194, 'National Vermicelli 150 grams', 226, 16, 150, 20, 1, 20, 24, 24, b'1', 'assets/img/products/cae15091103785b370975f530e69a293.png', '2020-09-29 08:31:01', '2020-10-04 08:57:12', b'0', b'0', 7, '', 1, 1, 188),
(195, 'Kolson Vermicelli 150 - grams', 226, 16, 150, 20, 1, 22, 28, 28, b'1', 'assets/img/products/17bc14d1eeebcd00fbf674bd3bad7c90.png', '2020-09-29 08:33:53', '2020-10-04 08:59:13', b'0', b'0', 17, '', 1, 1, 189),
(196, 'Bake Parlour Vermicelli 150 grams', 226, 16, 150, 20, 1, 22, 27, 27, b'1', 'assets/img/products/7c7e9f36ca723c38b068800d533859ae.png', '2020-09-29 08:38:20', '2020-10-04 08:58:29', b'0', b'0', 34, '', 1, 1, 190),
(197, 'Dr. Oetker Brownie Mix', 225, 18, 510, 20, 1, 250, 380, 380, b'1', 'assets/img/products/3f69f82d4749b80b188cbc1ea9158d5a.png', '2020-09-29 09:10:12', '2020-10-04 08:52:19', b'0', b'0', 65, '', 1, 1, 191),
(198, 'Daal Maash 1 kg (Chhilka)', 211, 16, 1, 16, 1, 140, 155, 155, b'1', 'assets/img/products/0417942ef48cce6533bf3311f880edce.png', '2020-09-29 13:12:40', '2020-10-04 18:21:42', b'0', b'0', 28, '', 1, 1, 192),
(199, 'Fauji Cornflakes 500 grams', 192, 18, 1, 18, 1, 400, 435, 435, b'1', 'assets/img/products/08006c150ee7387517eefc248b6a1f7c.png', '2020-09-29 15:25:47', '2020-10-04 09:03:44', b'0', b'0', 66, '', 1, 1, 193),
(200, 'Fauji Cornflakes 250 grams', 192, 18, 1, 18, 1, 235, 270, 270, b'1', 'assets/img/products/26f8f70c6024dd49c1d430d1aa8d0caf.png', '2020-09-29 15:40:04', '2020-10-04 09:03:30', b'0', b'0', 66, '', 1, 1, 194),
(201, 'Coco Crunch 170 grams', 192, 18, 1, 18, 1, 320, 385, 385, b'1', 'assets/img/products/2138449a3ca23e5924199549965c0154.png', '2020-09-29 15:51:22', '2020-10-04 09:03:59', b'0', b'0', 8, '', 1, 1, 195),
(202, 'Kellogg\'s Cornflakes 500 grams', 192, 18, 1, 18, 1, 790, 860, 860, b'1', 'assets/img/products/ccf7bd1f1b92b7490e8b2fefe04444df.png', '2020-09-29 15:56:14', '2020-10-04 09:04:12', b'0', b'0', 67, '', 1, 1, 196),
(203, 'Weetabix Original - 450 grams', 192, 18, 1, 18, 1, 679, 770, 770, b'1', 'assets/img/products/365be5d59cb6b340dc81bf518bcfecb5.png', '2020-09-29 18:07:16', '2020-10-04 09:04:28', b'0', b'0', 68, '', 1, 1, 197),
(204, 'Sooper Classic Egg & Milk Family Pack - ', 230, 18, 1, 18, 1, 34, 40, 40, b'1', 'assets/img/products/0f7ea6f457cc3a0ef24b440b4acb7efc.png', '2020-09-29 18:45:59', '2020-10-04 09:12:07', b'0', b'0', 10, '', 1, 1, 198),
(205, 'Sooper Classic Egg & Milk - 12 Snack Pac', 230, 18, 1, 18, 1, 105, 120, 120, b'1', 'assets/img/products/a2cc6aa166ad2865b85a9059491465c8.png', '2020-09-29 18:50:31', '2020-10-04 09:12:38', b'0', b'0', 10, '', 1, 1, 199),
(206, 'Sooper Classic Egg & Milk - 6 Half Rolls', 230, 18, 1, 18, 1, 105, 120, 120, b'1', 'assets/img/products/b67dc6cc7eb02d73ddd9a6d68210556a.png', '2020-09-29 18:55:37', '2020-10-04 09:12:55', b'0', b'0', 10, '', 1, 1, 200),
(207, 'Sooper Classic Chocolate 12 Snack Pack', 230, 18, 1, 18, 1, 105, 120, 120, b'1', 'assets/img/products/ee92a9de003d23ec167b8fc1a0cf6618.png', '2020-09-29 18:57:08', '2020-10-04 09:13:15', b'0', b'0', 10, '', 1, 1, 201),
(208, 'Mitchell\'s Tomato Paste 850 Grams', 228, 22, 1, 22, 1, 318, 360, 360, b'1', 'assets/img/products/1fdd08f1f393e4e35ed7b8f2c63b2b3b.png', '2020-09-29 19:07:25', '2020-10-04 08:54:57', b'0', b'0', 11, '', 1, 1, 202),
(209, 'LU Tuc Biscuit Family Pack ', 230, 18, 1, 18, 1, 34, 40, 40, b'1', 'assets/img/products/dd61d32a282ca4d9e049112a54bb7bb9.png', '2020-09-29 19:13:57', '2020-10-04 09:14:03', b'0', b'0', 69, '', 1, 1, 203),
(210, 'LU Tuc 6 Half Roll Pack', 230, 18, 1, 18, 1, 105, 120, 120, b'1', 'assets/img/products/71ff328415328c39a0a305cea74be68e.png', '2020-09-29 19:16:20', '2020-10-04 09:13:36', b'0', b'0', 69, '', 1, 1, 204),
(211, 'LU Candi Biscuit Family Pack', 230, 18, 1, 18, 1, 33, 40, 40, b'1', 'assets/img/products/034d8c2280a7558c867046e1e1d5a719.png', '2020-09-30 07:21:38', '2020-10-04 09:16:27', b'0', b'0', 69, '', 1, 1, 205),
(212, 'LU Candi Biscuit 6 Half Roll Pack', 230, 18, 1, 18, 1, 105, 120, 120, b'1', 'assets/img/products/d717cd1dc49f1b07676fff3648d53bf8.png', '2020-09-30 07:25:30', '2020-10-04 09:14:29', b'0', b'0', 69, '', 1, 1, 206),
(213, 'Gala Biscuit Family Pack', 230, 18, 1, 18, 1, 33, 40, 40, b'1', 'assets/img/products/baf281b8c74c700ede355730ad412033.png', '2020-09-30 15:09:59', '2020-10-04 09:14:46', b'0', b'0', 69, '', 1, 1, 207),
(214, 'Gala Biscuits - 6 Half Rolls Pack', 230, 18, 1, 18, 1, 105, 120, 120, b'1', 'assets/img/products/c10c3ecea9a9d0e4f8094ead3dbc1806.png', '2020-09-30 15:11:24', '2020-10-04 09:15:08', b'0', b'0', 69, '', 1, 1, 208),
(215, 'Gala Biscuits - 24 Ticky Pack Box', 230, 18, 1, 18, 1, 105, 120, 120, b'1', 'assets/img/products/16aad4c94cfd54c710231075bfa2b7ae.png', '2020-09-30 15:12:37', '2020-10-04 09:15:25', b'0', b'0', 69, '', 1, 1, 209),
(216, 'LU Zeera Plus Family Pack', 230, 18, 1, 18, 1, 33, 40, 40, b'1', 'assets/img/products/4a346804e8a9c8cb5b34e8c378731443.png', '2020-09-30 15:15:59', '2020-10-04 09:15:41', b'0', b'0', 69, '', 1, 1, 210),
(217, 'LU Zeera Plus 6 Half Rolls Pack', 230, 18, 1, 18, 1, 105, 120, 120, b'1', 'assets/img/products/04546331d11afcb7005b9024b23e7872.png', '2020-09-30 15:19:16', '2020-10-04 09:16:03', b'0', b'0', 69, '', 1, 1, 211),
(218, 'Lay\'s French Cheese 40 grams', 231, 16, 1, 16, 1, 25, 30, 30, b'1', 'assets/img/products/b32c5ec566daa0aa2a0ee2022df80546.png', '2020-09-30 15:30:58', '2020-10-04 18:54:18', b'0', b'0', 70, '', 1, 1, 212),
(219, 'Lay\'s French Cheese 70 grams', 231, 16, 1, 16, 1, 43, 50, 50, b'1', 'assets/img/products/205e412ba70f0321d469d1b45a00f860.png', '2020-09-30 15:33:49', '2020-10-04 18:55:41', b'0', b'0', 70, '', 1, 1, 213),
(220, 'Lay\'s Salted Potato Chips 40 grams', 231, 16, 1, 16, 1, 26, 30, 30, b'1', 'assets/img/products/ddeaab83b8b70d2acce17df2a35b556d.png', '2020-09-30 15:35:51', '2020-10-04 18:55:27', b'0', b'0', 70, '', 1, 1, 214),
(221, 'Lay\'s Wavy - 20 grams', 231, 16, 1, 16, 1, 17, 20, 20, b'1', 'assets/img/products/92eb1e320d499a95235885eaa62a91eb.png', '2020-09-30 18:01:06', '2020-10-04 18:54:55', b'0', b'0', 70, '', 1, 1, 215),
(222, 'Lay\'s Yogurt & Herb', 231, 16, 1, 16, 1, 45, 50, 50, b'1', 'assets/img/products/c425e8504083ee9982fb7dca677a6ae8.png', '2020-09-30 18:04:04', '2020-10-04 18:54:36', b'0', b'0', 70, '', 1, 1, 216),
(223, 'Pringles Original', 231, 18, 1, 18, 1, 390, 427, 427, b'1', 'assets/img/products/2e5466a93af65049fda0e4fc45817653.png', '2020-09-30 18:12:10', '2020-10-04 18:53:15', b'0', b'0', 71, '', 1, 1, 217),
(224, 'Pringles Sour Cream & Onion', 231, 18, 1, 18, 1, 390, 427, 427, b'1', 'assets/img/products/c91bd1aba26201fed7f0592a9360ebc1.png', '2020-09-30 18:15:04', '2020-10-04 18:53:32', b'0', b'0', 71, '', 1, 1, 218),
(225, 'Pringles BBQ', 231, 18, 1, 18, 1, 390, 427, 427, b'1', 'assets/img/products/ef4a2c53dde19186350d42f8659c4a72.png', '2020-09-30 18:20:00', '2020-10-04 18:53:00', b'0', b'0', 71, '', 1, 1, 219),
(226, 'Mitchell\'s Mixed Fruit Jam - 450 grams', 232, 17, 1, 17, 1, 125, 140, 140, b'1', 'assets/img/products/83d36ad314e2e2c9ce8f131f8814341c.png', '2020-09-30 18:29:24', '2020-10-04 09:46:01', b'0', b'0', 11, '', 1, 1, 220),
(227, 'Mitchell\'s Mango Jam - 450 grams', 232, 17, 1, 17, 1, 425, 450, 450, b'1', 'assets/img/products/12952a40fb2c59809a3416435d282250.png', '2020-09-30 18:31:44', '2020-10-04 09:44:45', b'0', b'0', 11, '', 1, 1, 221),
(228, 'Mitchell\'s Golden Apple Jam', 232, 17, 1, 17, 1, 125, 140, 140, b'1', 'assets/img/products/4c2296b4e47b39ab83a25f450b604a06.png', '2020-09-30 18:33:21', '2020-10-04 09:45:08', b'0', b'0', 11, '', 1, 1, 222),
(229, 'Mitchell\'s Golden Mist Marmalade', 232, 17, 1, 17, 1, 125, 140, 140, b'1', 'assets/img/products/f27ba3f26629ee2c84acff10dc09f0a7.png', '2020-09-30 18:34:52', '2020-10-04 09:45:32', b'0', b'0', 11, '', 1, 1, 223),
(230, 'National Mixed Fruit Jam - 440 grams', 232, 17, 1, 17, 1, 140, 158, 158, b'1', 'assets/img/products/9bb3a5dd1d815f2d4f5c7695e3ab806a.png', '2020-10-01 17:51:59', '2020-10-04 09:47:00', b'0', b'0', 7, '', 1, 1, 224),
(231, 'National Apple Jam 440 grams', 232, 17, 1, 17, 1, 140, 158, 158, b'1', 'assets/img/products/1f22c33fbd13317b29f4d6f0b81a13a8.png', '2020-10-02 06:26:18', '2020-10-04 09:46:22', b'0', b'0', 7, '', 1, 1, 225),
(232, 'National Mango Jam 440 grams', 232, 17, 1, 17, 1, 140, 158, 158, b'1', 'assets/img/products/ee858d9455feed463821dcede3b94cd8.png', '2020-10-02 06:29:15', '2020-10-04 09:46:42', b'0', b'0', 7, '', 1, 1, 226),
(233, 'Knorr Chicken Instant Noodles Family Pac', 233, 16, 1, 16, 1, 143, 156, 156, b'1', 'assets/img/products/8b5c0436798d7524fdacf132f694a02b.png', '2020-10-02 08:42:45', '2020-10-04 18:57:44', b'0', b'0', 39, '', 1, 1, 227),
(234, 'Knorr Chat Pata Instant Noodles Family P', 233, 16, 1, 16, 1, 143, 156, 156, b'1', 'assets/img/products/b0d1ecb101feaa41ae7bb25f60be1595.png', '2020-10-02 08:45:28', '2020-10-04 18:57:59', b'0', b'0', 39, '', 1, 1, 228);
INSERT INTO `grocery_products` (`ProductId`, `ProductName`, `Category`, `Unit`, `SaleUnitQty`, `SaleUnit`, `UnitId`, `OriginalPrice`, `Price`, `SalePrice`, `Status`, `ProductImg`, `CreatedOn`, `ModifiedOn`, `IsFeatured`, `IsHot`, `Brand`, `tags`, `stock`, `season`, `sort`) VALUES
(235, 'Oreo Original 3x12 Box', 230, 18, 1, 18, 1, 105, 120, 120, b'1', 'assets/img/products/b971be23c7f9f852f885385217da1bea.png', '2020-10-02 15:55:35', '2020-10-04 09:16:55', b'0', b'0', 69, '', 1, 1, 229),
(236, 'Oreo Original 6x6 Box', 230, 18, 1, 18, 1, 105, 120, 120, b'1', 'assets/img/products/3667e6dd7cb2c1ee6e3a50d2d32a720c.png', '2020-10-02 16:03:51', '2020-10-04 09:16:42', b'0', b'0', 69, '', 1, 1, 230),
(237, 'Cadbury Eclairs 200 gram (Local)', 234, 16, 1, 16, 1, 87, 100, 100, b'1', 'assets/img/products/2b7aaab9101fa777858442466c0a8379.png', '2020-10-02 16:09:37', '2020-10-04 19:00:19', b'0', b'0', 72, '', 1, 1, 231),
(238, 'Candyland Fanty Candy - Pack of 35', 234, 16, 1, 16, 1, 30, 35, 35, b'1', 'assets/img/products/33d199ff39bb0c7ddd4772bad3b30191.png', '2020-10-02 17:14:56', '2020-10-04 19:00:32', b'0', b'0', 74, '', 1, 1, 232),
(239, 'Cadbury Dairy Milk Bubbly - 40 grams (Lo', 234, 19, 1, 19, 1, 69, 80, 80, b'1', 'assets/img/products/d0feef08c6535b4b6f670bdfc704d186.png', '2020-10-02 17:19:56', '2020-10-04 19:00:57', b'0', b'0', 72, '', 1, 1, 233),
(240, 'Cadbury Dairy Milk Fruit & Nut Chocolate', 234, 19, 1, 19, 1, 69, 80, 80, b'1', 'assets/img/products/b8cd3236b75625f64ab04516ed9cff7f.png', '2020-10-02 17:22:24', '2020-10-04 19:01:11', b'0', b'0', 72, '', 1, 1, 234),
(241, 'K&N Chicken Nuggets - 43-45 Pieces', 235, 18, 1, 18, 1, 680, 735, 735, b'1', 'assets/img/products/aca992ea9a726075c6f1d243565a6593.png', '2020-10-03 15:49:23', '2020-10-04 19:04:35', b'0', b'0', 16, '', 1, 1, 235),
(242, 'K&N Chicken Nuggets - 12 Pieces', 235, 18, 1, 18, 1, 250, 278, 278, b'1', 'assets/img/products/b72ce772418ed806319f3c7bbf3c3a52.png', '2020-10-03 15:52:22', '2020-10-04 19:04:48', b'0', b'0', 16, '', 1, 1, 236),
(243, 'Sabroso Chicken Nuggets - 270 grams', 235, 18, 1, 18, 1, 250, 270, 270, b'1', 'assets/img/products/f2d1bb2b92591e67ef40a1a6fa051518.png', '2020-10-03 17:57:02', '2020-10-04 19:05:14', b'0', b'0', 76, '', 1, 1, 237),
(244, 'Sabroso Chicken Seekh Kabab - 205 grams', 235, 18, 1, 18, 1, 220, 245, 245, b'1', 'assets/img/products/65e4d0a73dd977f5a4890ea2c89e84a7.png', '2020-10-03 18:09:18', '2020-10-04 19:05:29', b'0', b'0', 76, '', 1, 1, 238),
(245, 'K&N Chicken Tender Pops - 54 - 60 Pieces', 235, 18, 1, 18, 1, 680, 735, 735, b'1', 'assets/img/products/64bfcfbf67c63f93aee626ce77312954.png', '2020-10-03 18:16:27', '2020-10-04 19:05:02', b'0', b'0', 16, '', 1, 1, 239),
(246, 'Nestle Pure Life 1.5 Liter - Pack of 6', 317, 23, 1, 23, 1, 270, 320, 320, b'1', 'assets/img/products/05d3384f979b644ff3be24da05e8bcf8.png', '2020-10-03 18:23:24', '2020-10-04 09:00:40', b'0', b'0', 8, '', 1, 1, 240),
(247, 'Aquafina 1.5 Liter - Pack of 6', 317, 23, 1, 23, 1, 270, 320, 320, b'1', 'assets/img/products/0a54cb0343fbe4310e17f9613591d846.png', '2020-10-03 18:26:00', '2020-10-04 09:00:52', b'0', b'0', 77, '', 1, 1, 241),
(248, 'Kernelpop Popcorn - Butter 3x90 gram pac', 236, 18, 1, 18, 1, 270, 300, 300, b'1', 'assets/img/products/872d1d574337a4dbacd0885d1843aa67.png', '2020-10-03 18:33:02', '2020-10-04 19:08:08', b'0', b'0', 78, '', 1, 1, 242),
(249, 'Kernelpop Popcorn - Cheese 3x90 gram pac', 236, 18, 1, 18, 1, 270, 300, 300, b'1', 'assets/img/products/7fe7bdae83f30efc8c69a39505a6f646.png', '2020-10-03 18:38:33', '2020-10-04 19:07:40', b'0', b'0', 78, '', 1, 1, 243),
(250, 'Kernelpop Popcorn - Salt&Pepper 3x90 gra', 236, 18, 1, 18, 1, 270, 300, 300, b'1', 'assets/img/products/448921c87414c23c7aa6a09b1866fdff.png', '2020-10-03 18:39:46', '2020-10-04 19:07:54', b'0', b'0', 78, '', 1, 1, 244),
(251, 'Bake Parlour Bread - Small', 193, 26, 1, 26, 1, 50, 60, 60, b'1', 'assets/img/products/a4c64e3e1e482f0608879e1d0ac62ee5.png', '2020-10-03 18:49:34', '2020-10-04 19:10:26', b'0', b'0', 34, '', 1, 1, 245),
(252, 'Bake Parlour Bread - Large', 193, 26, 1, 26, 1, 100, 110, 110, b'1', 'assets/img/products/0be27ce05847903c5f41823d3b69c147.png', '2020-10-03 18:54:06', '2020-10-04 19:10:40', b'0', b'0', 34, '', 1, 1, 246),
(253, 'Dawn Bread - Small', 193, 26, 1, 26, 1, 50, 60, 60, b'1', 'assets/img/products/42aaac4596ccfbd728d60185f126eabf.png', '2020-10-03 18:55:24', '2020-10-04 19:09:54', b'0', b'0', 79, '', 1, 1, 247),
(254, 'Dawn Bread - Large', 193, 26, 1, 26, 1, 100, 110, 110, b'1', 'assets/img/products/10ff6c60703b17b0e2ea8b553d8a3e7f.png', '2020-10-03 18:56:22', '2020-10-04 19:10:09', b'0', b'0', 79, '', 1, 1, 248),
(255, 'Nurpur Butter 100 grams', 238, 27, 1, 27, 1, 125, 140, 140, b'1', 'assets/img/products/3ea65b2c9d85caef4c1ce0d6c80b148e.png', '2020-10-04 08:00:49', '2020-10-04 19:13:38', b'0', b'0', 80, '', 1, 1, 249),
(256, 'Nurpur Butter 200 grams', 238, 27, 1, 27, 1, 245, 285, 285, b'1', 'assets/img/products/8f33f462a6640cebe66e693be916fa4b.png', '2020-10-04 08:05:54', '2020-10-04 19:19:27', b'0', b'0', 80, '', 1, 1, 250),
(257, 'Blue Band Margarine 250 gram', 238, 18, 1, 18, 1, 200, 238, 238, b'1', 'assets/img/products/6e8abd58e8ea663d79a3928a6a66a28f.png', '2020-10-04 08:15:55', '2020-10-04 19:13:09', b'0', b'0', 82, '', 1, 1, 251),
(258, 'Nurpur Milk 1 Liter', 219, 18, 1, 18, 1, 143, 153, 153, b'1', 'assets/img/products/e0feef46ec8c7fd9d463aca52b79d453.jpg', '2020-10-04 08:19:27', '2020-10-04 04:19:27', b'0', b'0', 80, '', 1, 1, 252),
(259, 'Nurpur 1 Liter Carton', 219, 23, 1, 23, 1, 1740, 1790, 1790, b'1', 'assets/img/products/37045d5001e7e0f9b79d0f339921d4a5.jpg', '2020-10-04 08:51:26', '2020-10-04 08:52:12', b'0', b'0', 80, '', 1, 1, 253),
(260, 'Lurpak Butter Salted 200 grams ', 238, 27, 1, 27, 1, 490, 545, 545, b'1', 'assets/img/products/7db64dc259b9b68cb449fd754a1e55fc.png', '2020-10-04 08:55:41', '2020-10-04 19:13:25', b'0', b'0', 81, '', 1, 1, 254),
(261, 'Adam\'s Pizza Cheese - 200 grams', 239, 19, 1, 19, 1, 350, 388, 388, b'1', 'assets/img/products/d2a0de477750e91b5e7a5be0aa264f3a.png', '2020-10-04 10:29:24', '2020-10-04 19:23:33', b'0', b'0', 44, '', 1, 1, 255),
(262, 'Adam\'s Pizza Cheese - 400 grams', 239, 19, 1, 19, 1, 680, 725, 725, b'1', 'assets/img/products/f0e90dd35e8547f123c558c350365730.png', '2020-10-04 10:31:20', '2020-10-04 19:24:00', b'0', b'0', 44, '', 1, 1, 256),
(263, 'Adam\'s Mozzarella Cheese 200 grams', 239, 19, 1, 19, 1, 320, 355, 355, b'1', 'assets/img/products/896538650dd3c63730c7f9725235f905.png', '2020-10-04 10:39:50', '2020-10-04 19:24:17', b'0', b'0', 44, '', 1, 1, 257),
(264, 'Adam\'s Mozzarella Cheese 400 grams', 239, 19, 1, 19, 1, 635, 710, 710, b'1', 'assets/img/products/8fe482edd7ea9adf298d95fc659ea021.png', '2020-10-04 11:09:00', '2020-10-04 19:24:35', b'0', b'0', 44, '', 1, 1, 258),
(265, 'Adam\'s Cheddar Cheese - 200 grams', 239, 19, 1, 19, 1, 300, 335, 335, b'1', 'assets/img/products/3dfdfac1b92cec1a99c9b5a7a3c7a279.png', '2020-10-04 11:10:33', '2020-10-07 15:07:16', b'0', b'0', 44, '', 1, 1, 259),
(266, 'Adam\'s Cheddar Cheese - 400 grams', 239, 19, 1, 19, 1, 565, 620, 620, b'1', 'assets/img/products/9b16639d6486456c3376bd65aadc9cdd.png', '2020-10-04 11:12:40', '2020-10-07 15:06:42', b'0', b'0', 44, '', 1, 1, 260),
(267, 'Red Chilli Powder - 100 grams ', 214, 16, 1, 16, 1, 107, 120, 120, b'1', 'assets/img/products/ccc7af9544730d80c296a14309c824e2.png', '2020-10-04 11:18:08', '2020-10-04 18:46:48', b'0', b'0', 28, '', 1, 1, 261),
(268, 'Haldi Powder - 100 grams ', 214, 16, 1, 16, 1, 40, 48, 48, b'1', 'assets/img/products/0bdd72f27a37b14ed5a46e561a7d8fad.png', '2020-10-04 12:10:57', '2020-10-04 18:46:34', b'0', b'0', 28, '', 1, 1, 262),
(269, 'Zeera Powder - 100 grams', 214, 16, 1, 16, 1, 85, 96, 96, b'1', 'assets/img/products/7576555aeca06182c7a59374c8f4824a.png', '2020-10-04 12:16:15', '2020-10-04 17:42:19', b'0', b'0', 28, '', 1, 1, 263),
(270, 'Kutti Kali Mirch - 100 grams', 214, 16, 1, 16, 1, 118, 145, 145, b'1', 'assets/img/products/07d53bb7f9e2eac69ec498cdf09f3dce.png', '2020-10-04 12:22:41', '2020-10-04 17:40:46', b'0', b'0', 28, '', 1, 1, 264),
(271, 'Dar Chini - 100 grams ', 214, 16, 1, 16, 1, 70, 80, 80, b'1', 'assets/img/products/7129fc05e73d774465e0f5e0169c66db.png', '2020-10-04 12:29:00', '2020-10-04 17:40:59', b'0', b'0', 28, '', 1, 1, 265),
(272, 'Bari Ilaichi - 50 grams', 214, 16, 1, 16, 1, 98, 115, 115, b'1', 'assets/img/products/518ff020ec270ace4c040886ea35f1bb.png', '2020-10-04 12:31:13', '2020-10-04 18:46:06', b'0', b'0', 28, '', 1, 1, 266),
(273, 'Dawn Rusk - 240 grams', 240, 19, 1, 19, 1, 72, 80, 80, b'1', 'assets/img/products/0ffe7914f90c1860d8f13e8ecab4ed0f.png', '2020-10-05 11:46:24', '2020-10-05 11:58:52', b'0', b'0', 79, '', 1, 1, 267),
(274, 'Bake Parlour Rusk 240 grams', 240, 19, 1, 19, 1, 72, 80, 80, b'1', 'assets/img/products/5d44e6715d741ca71e2494d7d6939fb3.png', '2020-10-05 11:49:17', '2020-10-05 20:00:02', b'0', b'0', 34, '', 1, 1, 268),
(275, 'Bake Parlour Cake Rusk - 400 grams', 240, 18, 1, 18, 1, 225, 250, 250, b'1', 'assets/img/products/c6bf103d9fcc65c7c6aefbd69c39f37d.png', '2020-10-05 11:51:33', '2020-10-05 11:59:28', b'0', b'0', 34, '', 1, 1, 269),
(276, 'Fresh n Freeze Frozen Peas - 1 kg', 241, 16, 1, 16, 1, 260, 285, 285, b'1', 'assets/img/products/cee19a0754e9500777b7bb0be2086f8e.png', '2020-10-05 12:07:47', '2020-10-06 18:12:50', b'0', b'0', 83, '', 1, 1, 270),
(277, 'Star Frozen Peas - 1 kg', 241, 16, 1, 16, 1, 258, 278, 278, b'1', 'assets/img/products/c7b3bd2c432f512aaf569bae11c684a4.png', '2020-10-05 12:09:14', '2020-10-06 18:13:24', b'0', b'0', 84, '', 1, 1, 271),
(278, 'Fresh n Freeze Frozen Broccoli - 1', 241, 16, 1, 16, 1, 350, 380, 380, b'1', 'assets/img/products/758f3e3d547e3181f1702ad73b123ba4.png', '2020-10-05 12:12:29', '2020-10-06 18:13:10', b'0', b'0', 83, '', 1, 1, 272),
(279, 'Whole Wheat Paratha - 5 Pieces', 242, 16, 1, 16, 1, 118, 132, 132, b'1', 'assets/img/products/f86512982b209386af1edd54bf49e778.png', '2020-10-05 12:28:55', '2020-10-10 17:27:08', b'0', b'0', 79, '', 1, 1, 273),
(280, 'Menu Whole Wheat Paratha - 5 pieces', 242, 16, 1, 16, 1, 125, 140, 140, b'1', 'assets/img/products/6168225b7cdf5071d1a91f2e859401d9.png', '2020-10-05 12:30:26', '2020-10-10 17:26:24', b'0', b'0', 85, '', 1, 1, 274),
(281, 'Menu Whole Wheat Paratha - 30 pieces', 242, 16, 1, 16, 1, 615, 680, 680, b'1', 'assets/img/products/d28a2e6a22003fa93a8995b0a1e6d097.png', '2020-10-05 12:32:46', '2020-10-10 17:21:49', b'0', b'0', 85, '', 1, 1, 275),
(282, 'Nestle Yogurt 200 gram', 243, 19, 1, 19, 1, 62, 72, 72, b'1', 'assets/img/products/41169b8b0829a2d41bc18bbb21cad9c3.png', '2020-10-05 12:43:35', '2020-10-06 18:14:52', b'0', b'0', 8, '', 1, 1, 276),
(283, 'Nestle Yogurt 400 gram', 243, 19, 1, 19, 1, 122, 135, 135, b'1', 'assets/img/products/04f3e8feeb1d86b86cee7e2460024d84.png', '2020-10-05 12:44:46', '2020-10-06 18:14:31', b'0', b'0', 8, '', 1, 1, 277),
(284, 'Mitchell\'s Lemon Barley Squash - 800 ml ', 194, 17, 1, 17, 1, 195, 225, 225, b'1', 'assets/img/products/a2cdf52d7cdbc4c67c803e880879c7fb.png', '2020-10-05 15:21:38', '2020-10-06 18:31:08', b'0', b'0', 11, '', 1, 1, 278),
(285, 'Mitchell\'s Mango Squash - 1400 ml ', 194, 17, 1, 17, 1, 315, 345, 345, b'1', 'assets/img/products/45d2940dc13e451fb3f7a985699e0080.png', '2020-10-05 15:23:56', '2020-10-06 18:32:54', b'0', b'0', 11, 'Mango Squash', 1, 1, 279),
(286, 'Mitchell\'s Mango Squash - 800 ml ', 194, 17, 1, 17, 1, 195, 225, 225, b'1', 'assets/img/products/400162b5b12442a37dddaf472bf55f2b.png', '2020-10-05 15:27:50', '2020-10-06 18:31:00', b'0', b'0', 11, '', 1, 1, 280),
(287, 'Mitchell\'s Mixed Fruit Squash - 800 ml ', 194, 17, 1, 17, 1, 195, 225, 225, b'1', 'assets/img/products/b0e8d3c2976c1fb5fa65087f9f77c92e.png', '2020-10-05 15:29:42', '2020-10-06 18:30:52', b'0', b'0', 11, '', 1, 1, 281),
(288, 'Mitchell\'s Orange Squash - 800 ml ', 194, 17, 1, 17, 1, 195, 225, 225, b'1', 'assets/img/products/e49459fb00eb4ebebd9c6b7b2f5bba61.png', '2020-10-05 15:31:16', '2020-10-06 18:30:45', b'0', b'0', 11, '', 1, 1, 282),
(289, 'Rooh Afza - 800 ml ', 194, 17, 1, 17, 1, 225, 255, 255, b'1', 'assets/img/products/580f1bbc8dd600d8aa96400ed3d1bd9f.png', '2020-10-05 15:32:58', '2020-10-06 18:33:25', b'0', b'0', 86, 'Rooh Afza', 1, 1, 283),
(290, 'Rooh Afza - 1500 ml ', 194, 17, 1, 17, 1, 400, 455, 455, b'1', 'assets/img/products/986bab6c619fc9be1f7bf7e69980e117.png', '2020-10-05 15:34:58', '2020-10-06 18:33:12', b'0', b'0', 86, '', 1, 1, 284),
(291, 'Coca Cola 1.5 liter', 244, 17, 1, 17, 1, 89, 100, 100, b'1', 'assets/img/products/5314ee7cd1cfc7d15c7b5f996bd1773f.png', '2020-10-05 17:49:14', '2020-10-06 18:39:53', b'0', b'0', 87, '', 1, 1, 285),
(292, 'Coca Cola 2.25 liter', 244, 17, 1, 17, 1, 115, 130, 130, b'1', 'assets/img/products/c4b2da60f69da4824cc8d1bbba2ba88f.png', '2020-10-05 17:52:39', '2020-10-06 18:38:54', b'0', b'0', 87, '', 1, 1, 286),
(293, 'Coca Cola Can 250 ml (local)', 244, 24, 1, 24, 1, 37, 45, 45, b'1', 'assets/img/products/de868df73699493a72413b6b9e0eb17f.png', '2020-10-05 17:55:24', '2020-10-06 18:42:38', b'0', b'0', 87, '', 1, 1, 287),
(294, 'Coca Cola Can Zero Calories 250 ml (loca', 244, 24, 1, 24, 1, 37, 45, 45, b'1', 'assets/img/products/ee17e700dd63660f72b3e738814e6110.png', '2020-10-05 17:57:59', '2020-10-06 18:42:17', b'0', b'0', 87, '', 1, 1, 288),
(295, 'Coca Cola Can 250 ml x 12 (local)', 244, 23, 1, 23, 1, 444, 540, 540, b'1', 'assets/img/products/1380383abcf4d8e22b3bbba6765513b3.png', '2020-10-05 18:00:23', '2020-10-06 18:37:17', b'0', b'0', 87, '', 1, 1, 289),
(296, 'Coca Cola 1.5 liter x 6 Pack', 244, 23, 1, 23, 1, 535, 600, 600, b'1', 'assets/img/products/734c3352baadcdad48492a7b58f9fedd.png', '2020-10-05 18:02:39', '2020-10-06 18:37:45', b'0', b'0', 87, '', 1, 1, 290),
(297, 'Coca Cola 350 ml NR bottle x 12', 244, 23, 1, 23, 1, 490, 540, 540, b'1', 'assets/img/products/31ec0e7b537cdac26ec1dde069a5c69f.png', '2020-10-05 18:11:33', '2020-10-06 18:35:05', b'0', b'0', 87, '', 1, 1, 291),
(298, '7up 1.5 liter Bottle', 244, 17, 1, 17, 1, 89, 100, 100, b'1', 'assets/img/products/92e2e9676c7825e958ed497c0ad87e58.png', '2020-10-05 18:34:16', '2020-10-06 18:40:14', b'0', b'0', 88, '', 1, 1, 292),
(299, '7up 1.5 liter Bottle x 6 ', 244, 23, 1, 23, 1, 534, 600, 600, b'1', 'assets/img/products/a447834a8061d3735ea634ce2707e458.png', '2020-10-05 18:44:10', '2020-10-06 18:38:07', b'0', b'0', 88, '', 1, 1, 293),
(300, '7up Can 250 ml ', 244, 24, 1, 24, 1, 37, 45, 45, b'1', 'assets/img/products/498e1a4bdaf9516eedb12ad95d81dc6b.png', '2020-10-05 18:54:40', '2020-10-06 18:41:55', b'0', b'0', 88, '', 1, 1, 294),
(301, '7up Free Can 250 ml', 244, 24, 1, 24, 1, 37, 45, 45, b'1', 'assets/img/products/871a339437d9e8cc64fd9c5830c96424.png', '2020-10-05 18:57:08', '2020-10-06 18:41:34', b'0', b'0', 88, '', 1, 1, 295),
(302, '7up 345 ml NR Bottle x 12', 244, 17, 1, 17, 1, 324, 360, 360, b'1', 'assets/img/products/3c51ecc27126753cbcf700a8a606e499.png', '2020-10-05 19:06:31', '2020-10-06 18:35:37', b'0', b'0', 88, '', 1, 1, 296),
(303, '7up 500 ml NR Bottle x 12', 244, 23, 1, 23, 1, 480, 540, 540, b'1', 'assets/img/products/1bb16025175a394a85b43c39177f07fc.png', '2020-10-05 19:20:42', '2020-10-06 18:36:12', b'0', b'0', 88, '', 1, 1, 297),
(304, 'Mirinda 1.5 Liter', 244, 17, 1, 17, 1, 89, 100, 100, b'1', 'assets/img/products/a7807118491f57aa7e73be6aaba049d0.png', '2020-10-05 19:31:39', '2020-10-06 18:40:42', b'0', b'0', 88, '', 1, 1, 298),
(305, 'Mirinda 2.25 Liter', 244, 17, 1, 17, 1, 110, 130, 130, b'1', 'assets/img/products/4ae8b90c53ed9ec65b52d2dc11e49308.png', '2020-10-05 19:36:46', '2020-10-06 18:39:10', b'0', b'0', 89, '', 1, 1, 299),
(306, 'Mirinda 345 ml x 12 Pack', 244, 23, 1, 23, 1, 300, 360, 360, b'1', 'assets/img/products/cc0b682d1d70ca22c714451b1b5239c5.png', '2020-10-05 19:43:23', '2020-10-06 18:36:37', b'0', b'0', 89, '', 1, 1, 300),
(307, 'Mirinda 500 ml x 12 Pack', 244, 23, 1, 23, 1, 480, 540, 540, b'1', 'assets/img/products/f5a922101f9fb8449bfbfa558e91368c.png', '2020-10-05 19:44:30', '2020-10-06 18:36:51', b'0', b'0', 89, '', 1, 1, 301),
(308, 'Mirinda Can 250 ml', 244, 24, 1, 24, 1, 37, 45, 45, b'1', 'assets/img/products/c4468fa42a9fb3ace966577479f88846.png', '2020-10-05 19:47:12', '2020-10-06 18:41:13', b'0', b'0', 89, '', 1, 1, 302),
(309, 'Tang Orange 500 ml', 245, 16, 1, 16, 1, 325, 355, 355, b'1', 'assets/img/products/80a7c1342cb4785befc1ed689028f0f5.png', '2020-10-05 19:52:10', '2020-10-06 18:43:29', b'0', b'0', 90, '', 1, 1, 303),
(310, 'Tang Mango 500 gram', 245, 16, 1, 16, 1, 400, 440, 440, b'1', 'assets/img/products/df19542e66a00c237fcd0bfcf3fda399.png', '2020-10-06 13:16:18', '2020-10-06 18:43:44', b'0', b'0', 90, '', 1, 1, 304),
(311, 'Shezan All Pure Apple Nectar - 1 Liter', 246, 17, 1, 17, 1, 160, 160, 160, b'1', 'assets/img/products/e351c5cbcaf390e2eb0fb871d0e720c7.png', '2020-10-06 13:33:46', '2020-10-06 18:44:17', b'0', b'0', 18, '', 1, 1, 305),
(312, 'Shezan All Pure Mango Nectar - 1 Liter', 246, 17, 1, 17, 1, 160, 180, 180, b'1', 'assets/img/products/167cb59d0cfa93e0548b83725e3aa039.png', '2020-10-06 13:34:57', '2020-10-06 18:44:31', b'0', b'0', 18, '', 1, 1, 306),
(313, 'Shezan All Pure Orange Nectar - 1 Liter', 246, 17, 1, 17, 1, 160, 180, 180, b'1', 'assets/img/products/70852bbf6f7798fea6531103616be8cd.png', '2020-10-06 13:36:45', '2020-10-06 18:44:50', b'0', b'0', 18, '', 1, 1, 307),
(314, 'Nestle Fruita Vitals - Chaunsa Nectar 1 ', 246, 17, 1, 17, 1, 175, 200, 200, b'1', 'assets/img/products/1c233c60cbcb37aeed63a3e0bdd6a991.png', '2020-10-06 13:41:55', '2020-10-06 18:45:14', b'0', b'0', 8, '', 1, 1, 308),
(315, 'Nestle Fruita Vitals - Apple Nectar 1 Li', 246, 17, 1, 17, 1, 180, 200, 200, b'1', 'assets/img/products/d5e76f28f0b49455607f0f3c1362623e.png', '2020-10-06 14:32:14', '2020-10-06 19:53:36', b'0', b'0', 8, '', 1, 1, 309),
(316, 'Nestle Fruita Vitals - Guava Nectar 1 Li', 246, 17, 1, 17, 1, 180, 200, 200, b'1', 'assets/img/products/2e9b07395f2fb0388ba97cb41d5574b1.png', '2020-10-06 14:35:47', '2020-10-06 18:45:35', b'0', b'0', 8, '', 1, 1, 310),
(317, 'Nestle Fruita Vitals - Orange Juice 1 Li', 246, 17, 1, 17, 1, 180, 200, 200, b'1', 'assets/img/products/68fdc472af3be4d4a0c4fb8919c7ee31.png', '2020-10-06 14:40:05', '2020-10-06 18:45:57', b'0', b'0', 8, '', 1, 1, 311),
(318, 'Nestle Fruita Vitals - Red Grapes Nectar', 246, 17, 1, 17, 1, 200, 230, 230, b'1', 'assets/img/products/ba96fd7f58de9313106901370c16815f.png', '2020-10-06 14:41:38', '2020-10-06 18:46:16', b'0', b'1', 8, '', 1, 1, 312),
(319, 'Nestle Fruita Vitals - Chaunsa Nectar 20', 246, 19, 1, 19, 1, 27, 30, 30, b'1', 'assets/img/products/2c6a0e1622dc2ff77eb28b98e2bc074c.png', '2020-10-06 14:48:48', '2020-10-06 18:46:38', b'0', b'0', 8, '', 1, 1, 313),
(320, 'Nestle Fruita Vitals - Guava Nectar 200 ', 246, 19, 1, 19, 1, 27, 30, 30, b'1', 'assets/img/products/2faabd2e078a6fb58d81e4b94dffd187.png', '2020-10-06 14:54:13', '2020-10-06 18:47:01', b'0', b'0', 8, '', 1, 1, 314),
(321, 'Nestle Fruita Vitals - Orange Juice 200 ', 246, 19, 1, 19, 1, 27, 30, 30, b'1', 'assets/img/products/46f865813eed7d636c8e2388d8956ace.png', '2020-10-06 14:56:44', '2020-10-06 18:47:17', b'0', b'0', 8, '', 1, 1, 315),
(322, 'Nestle Fruita Vitals - Peach Nectar 200 ', 246, 19, 1, 19, 1, 27, 30, 30, b'1', 'assets/img/products/c1236afc70245f6aef4720b3d8fbcf83.png', '2020-10-06 14:59:42', '2020-10-06 18:47:34', b'0', b'0', 8, '', 1, 1, 316),
(323, 'Milo Drink - 180 ml', 247, 19, 1, 19, 1, 33, 38, 38, b'1', 'assets/img/products/9bcba6e5f3191bd25acc525ef0879991.png', '2020-10-06 15:06:37', '2020-10-06 18:48:28', b'0', b'0', 8, '', 1, 1, 317),
(324, 'Fresh Potato - 1 kg Pack', 248, 19, 1, 19, 1, 45, 60, 60, b'1', 'assets/img/products/ae918962bb8b0af5bef0770c6a28eb87.png', '2020-10-06 15:12:42', '2020-10-06 19:25:27', b'0', b'0', 28, '', 1, 1, 318),
(325, 'fresh Onion - 1 kg Pack', 248, 19, 1, 19, 1, 35, 45, 45, b'1', 'assets/img/products/593c9fcedc5a015c19d2ceb8f1d39f2d.png', '2020-10-06 15:17:56', '2020-10-06 19:24:27', b'0', b'0', 28, '', 1, 1, 319),
(326, 'Fresh Tomato - 1 kg Pack', 248, 19, 1, 19, 1, 80, 100, 100, b'1', 'assets/img/products/27540423b77a5f28e88b41b429237e25.png', '2020-10-06 15:24:04', '2020-10-06 19:24:45', b'0', b'0', 28, '', 1, 1, 320),
(327, 'Colgate Maximum Cavity Protec', 198, 29, 1, 29, 1, 160, 180, 180, b'1', 'assets/img/products/9d6d6e3f04c657c2e74ab55412cb69c8.png', '2020-10-06 17:50:18', '2020-10-20 18:58:08', b'0', b'0', 91, '', 1, 1, 321),
(328, 'Colgate Herbal - 200 grams', 198, 29, 1, 29, 1, 190, 220, 220, b'1', 'assets/img/products/feefaaf9675944e4010cc7d83ece4dee.png', '2020-10-06 17:59:52', '2020-10-20 18:58:25', b'0', b'0', 91, '', 1, 1, 322),
(329, 'Colgate Max Fresh - 125 grams', 198, 29, 1, 29, 1, 136, 156, 156, b'1', 'assets/img/products/d66b8d7a771b059c6e2fe4011a401c08.png', '2020-10-06 18:02:42', '2020-10-20 18:58:42', b'0', b'0', 91, '', 1, 1, 323),
(330, 'Sensodyne Original - 100 grams', 198, 29, 1, 29, 1, 215, 248, 248, b'1', 'assets/img/products/d8c8b700dc5cc7c7b1b60adafefe43ed.png', '2020-10-06 18:05:57', '2020-10-20 18:57:15', b'0', b'0', 92, '', 1, 1, 324),
(331, 'Sensodyne Floride - 100 grams', 198, 29, 1, 29, 1, 215, 248, 248, b'1', 'assets/img/products/0eb314c47656e7da815af87e924dbc13.png', '2020-10-06 18:10:05', '2020-10-20 18:57:31', b'0', b'0', 92, '', 1, 1, 325),
(332, 'Sensodyne Rapid Action - 100 grams', 198, 29, 1, 29, 1, 230, 258, 258, b'1', 'assets/img/products/7af7397961be45afc33c5037280d7582.png', '2020-10-06 18:12:49', '2020-10-20 18:57:47', b'0', b'0', 92, '', 1, 1, 326),
(333, 'Milk Pack Nesvita - 1 Liter', 219, 18, 1, 18, 1, 170, 182, 182, b'1', 'assets/img/products/95f5e4ce7e208989fe779cee6f74777f.jpg', '2020-10-06 18:27:59', '2020-10-06 14:27:59', b'0', b'0', 8, '', 1, 1, 327),
(334, 'Aqua Coco', 315, 17, 1, 17, 1, 520, 600, 600, b'1', 'assets/img/products/bbf3e567fe2a0c65ee47bb4c57682ae3.png', '2020-10-06 18:41:46', '2020-10-06 18:49:14', b'0', b'0', 93, '', 1, 1, 328),
(335, 'Happy Cow Processed Cheese - 10 portions', 239, 18, 1, 18, 1, 300, 335, 335, b'1', 'assets/img/products/8ae85614e557382c742d969c44641b4d.png', '2020-10-06 19:56:05', '2020-10-10 17:29:00', b'0', b'0', 94, '', 1, 1, 329),
(336, 'Happy Cow Slices (Regular) 10 slices', 239, 19, 1, 19, 1, 490, 545, 545, b'1', 'assets/img/products/8cb7a7cc74cbd644eda74512b40a9a46.png', '2020-10-06 19:59:08', '2020-10-10 17:29:12', b'0', b'0', 94, '', 1, 1, 330),
(337, 'Colgate Extra Clean Toothbrush - Medium', 253, 26, 1, 26, 1, 45, 50, 50, b'1', 'assets/img/products/2851f3da179093196bac75b280e1c22c.png', '2020-10-07 12:07:50', '2020-10-20 19:04:06', b'0', b'0', 91, '', 1, 1, 331),
(338, 'Colgate Extra Clean Toothbrush - Soft', 253, 26, 1, 26, 1, 45, 50, 50, b'1', 'assets/img/products/70dec8f068b6669706b4cb1815690fe6.png', '2020-10-07 12:10:08', '2020-10-20 19:03:18', b'0', b'0', 91, '', 1, 1, 332),
(339, 'Shield Falcon Toothbrush ', 253, 26, 1, 26, 1, 35, 39, 39, b'1', 'assets/img/products/9f993e8e55bceeff29c8539305ea614b.png', '2020-10-07 12:22:59', '2020-10-20 19:04:19', b'0', b'0', 95, '', 1, 1, 333),
(340, 'Shield Smokers Toothbrush', 253, 26, 1, 26, 1, 54, 65, 65, b'1', 'assets/img/products/2710317f586c62246365de6bc0faa723.png', '2020-10-07 15:19:12', '2020-10-20 19:02:21', b'0', b'0', 95, '', 1, 1, 334),
(341, 'Shield Soft Tip Toothbrush ', 253, 26, 1, 26, 1, 90, 98, 98, b'1', 'assets/img/products/102c83886d2c1d4d0dd4e096bfb8c5cb.png', '2020-10-07 15:21:27', '2020-10-20 19:02:39', b'0', b'0', 95, '', 1, 1, 335),
(342, 'Shield Pro Clean Toothbrush', 253, 26, 1, 26, 1, 44, 50, 50, b'1', 'assets/img/products/75719dd8839105097fe78e8decec9d8f.png', '2020-10-07 15:24:26', '2020-10-20 19:02:54', b'0', b'0', 95, '', 1, 1, 336),
(343, 'Colgate Premier Clean Toothbrush  ', 253, 26, 1, 26, 1, 44, 50, 50, b'1', 'assets/img/products/d511dddcfe7f40b20173a0206bc394cd.png', '2020-10-07 18:10:54', '2020-10-20 19:03:36', b'0', b'0', 91, '', 1, 1, 337),
(344, 'Colgate ZigZag Toothbrush', 253, 26, 1, 26, 1, 57, 68, 68, b'1', 'assets/img/products/37248b2d4e1d6ab240f7e8d1f147eb1c.png', '2020-10-07 18:12:32', '2020-10-20 19:03:49', b'0', b'0', 91, '', 1, 1, 338),
(345, 'Listerine Cool Mint Antiseptic Mouthwash', 254, 17, 1, 17, 1, 315, 348, 348, b'1', 'assets/img/products/7c1b3ccdc2a3f88efce67386a2269625.png', '2020-10-07 18:43:29', '2020-10-20 19:07:13', b'0', b'0', 96, '', 1, 1, 339),
(346, 'Listerine Teeth & Gum Defence Mouthwash ', 254, 17, 1, 17, 1, 538, 590, 590, b'1', 'assets/img/products/3482e77954a4f7569bce3b2d6b20b572.png', '2020-10-07 18:46:49', '2020-10-20 19:06:22', b'0', b'0', 96, '', 1, 1, 340),
(347, 'Colgate Fresh Mint Splash Mouthwash 500 ', 254, 17, 1, 17, 1, 345, 385, 385, b'1', 'assets/img/products/91b27d64ab178bb2975e35095a635d6f.png', '2020-10-07 18:49:01', '2020-10-20 19:06:44', b'0', b'0', 91, '', 1, 1, 341),
(348, 'Colgate Fresh Mint Splash Mouthwash 250 ', 254, 17, 1, 17, 1, 243, 275, 275, b'1', 'assets/img/products/a87a9cc283cbffb96f1d12f960f95977.png', '2020-10-07 18:52:03', '2020-10-20 19:06:59', b'0', b'0', 91, '', 1, 1, 342),
(349, 'Listerine Cool Mint Antiseptic Mouthwash', 254, 1, 1, 1, 1, 120, 140, 140, b'0', 'assets/img/product.png', '2020-10-08 14:20:44', '2020-10-08 14:21:16', b'0', b'0', 0, '', 1, 1, 343),
(350, 'Admiral Shaving Cream - 90 grams', 255, 29, 1, 29, 1, 140, 158, 158, b'1', 'assets/img/products/e170b23263dfebb2ae22bef1cda3f954.png', '2020-10-09 06:18:08', '2020-10-20 19:09:37', b'0', b'0', 97, '', 1, 1, 344),
(351, 'Nivea Shaving Cream - 100 grams', 255, 29, 1, 29, 1, 378, 415, 415, b'1', 'assets/img/products/6d5cbe8adf22c45687e9c3612de8b367.png', '2020-10-09 06:22:22', '2020-10-20 19:10:31', b'0', b'0', 99, '', 1, 1, 345),
(352, 'Gillette Shaving Foam Regular - 200 ml', 255, 24, 1, 24, 1, 310, 345, 345, b'1', 'assets/img/products/20fc887b9a3623f3472904a942018a57.png', '2020-10-09 12:09:04', '2020-10-20 19:09:53', b'0', b'0', 98, '', 1, 1, 346),
(353, 'Nivea Shaving Foam - 200 ml', 255, 24, 1, 24, 1, 525, 575, 575, b'1', 'assets/img/products/627262f142e6400cebd90f7f2c5bb5a8.png', '2020-10-09 14:53:19', '2020-10-20 19:10:05', b'0', b'0', 99, '', 1, 1, 347),
(354, 'Gillette Sgaving Cream Regular - 70 gram', 255, 29, 1, 29, 1, 200, 220, 220, b'1', 'assets/img/products/c221c6645cb6c35a3327edb2a7a9b5ad.png', '2020-10-09 14:59:25', '2020-10-20 19:10:19', b'0', b'0', 98, '', 1, 1, 348),
(355, 'Gillette Blue II Plus Razor', 256, 26, 1, 26, 1, 54, 60, 60, b'1', 'assets/img/products/5966fe43fb57e8c1825a390e5b11d473.png', '2020-10-09 15:49:17', '2020-10-20 19:11:33', b'0', b'0', 98, '', 1, 1, 349),
(356, 'Gillette Blue 3 Comfort Disposable Razor', 256, 26, 1, 26, 1, 108, 120, 120, b'1', 'assets/img/products/ca62b3f1937b69f129da2e0e38cfb5b1.png', '2020-10-09 15:51:07', '2020-10-20 19:11:51', b'0', b'0', 98, '', 1, 1, 350),
(357, 'Cool & Cool Hand Sanitizer 60 ml', 309, 17, 1, 17, 1, 330, 365, 365, b'1', 'assets/img/products/d778dd7f268af98523d7e673c7db183e.png', '2020-10-09 16:33:22', '2020-10-23 16:30:54', b'0', b'0', 101, '', 1, 1, 351),
(358, 'Lifebuoy Hand Sanitizer 65 ml', 309, 17, 1, 17, 1, 139, 150, 150, b'1', 'assets/img/products/04963e86d75320ea86ce075b0fc3e685.png', '2020-10-09 16:36:50', '2020-10-23 16:31:25', b'0', b'0', 100, '', 1, 1, 352),
(359, 'Fair & Lovely Herbal Face Wash - 50 gram', 310, 29, 1, 29, 1, 105, 125, 125, b'1', 'assets/img/products/7670472687641b98e720b5455dd2ab6c.png', '2020-10-10 10:00:17', '2020-10-23 16:47:35', b'0', b'0', 28, '', 1, 1, 353),
(360, 'Ponds White Beauty Face Wash 50 gram', 310, 29, 1, 29, 1, 142, 165, 165, b'1', 'assets/img/products/51687e4b2e2cd4be32b58d9fa2f44f3d.png', '2020-10-10 10:31:59', '2020-10-23 16:35:57', b'0', b'0', 103, '', 1, 1, 354),
(361, 'Ponds White Beauty Face Wash 100 gram', 310, 29, 1, 29, 1, 260, 290, 290, b'1', 'assets/img/products/ded7acc6f769a9a02130599a883fec5b.png', '2020-10-10 10:34:19', '2020-10-23 16:46:49', b'0', b'0', 103, '', 1, 1, 355),
(362, 'Ponds Pimple Clear Face Wash - 50 grams', 310, 29, 1, 29, 1, 140, 165, 165, b'1', 'assets/img/products/449e410e6ee74ab0de553f2c9d485a7c.png', '2020-10-10 10:36:11', '2020-10-23 16:43:34', b'0', b'0', 103, '', 1, 1, 356),
(363, 'Ponds Pimple Clear Face Wash - 100 grams', 310, 29, 1, 29, 1, 230, 260, 260, b'1', 'assets/img/products/c33c7d6f3a803a692b36b8a2591ad650.png', '2020-10-10 10:37:30', '2020-10-23 16:37:57', b'0', b'0', 103, '', 1, 1, 357),
(364, 'Garnier Skin Active Neem Purifying Face ', 310, 29, 1, 29, 1, 165, 190, 190, b'1', 'assets/img/products/058ccc390f6458a9eface26896291d27.png', '2020-10-10 10:40:48', '2020-10-23 16:36:42', b'0', b'0', 104, '', 1, 1, 358),
(365, 'Garnier Skin Active Neem Purifying Face ', 310, 29, 1, 29, 1, 270, 300, 300, b'1', 'assets/img/products/29b89f5b25162496481c075c6210535a.png', '2020-10-10 10:41:50', '2020-10-23 16:36:23', b'0', b'0', 104, '', 1, 1, 359),
(366, 'Garnier Oil Clear Men Face Wash - 100 ml', 310, 29, 1, 29, 1, 340, 380, 380, b'1', 'assets/img/products/9cabb1cdb6e772495e63a752209c91fd.png', '2020-10-10 10:45:06', '2020-10-23 16:35:03', b'0', b'0', 104, '', 1, 1, 360),
(367, 'Vaseline Aloe Soothe Body Lotion 725 ml', 311, 17, 1, 17, 1, 990, 1090, 1090, b'1', 'assets/img/products/92bfe609931c2107377f7f9a5f0ae71b.png', '2020-10-10 15:47:53', '2020-10-23 16:48:28', b'0', b'0', 105, '', 1, 1, 361),
(368, 'Vaseline Restore Body Lotion 725 ml', 311, 17, 1, 17, 1, 990, 1090, 1090, b'1', 'assets/img/products/c96c26101042347a6fc896492cc55d7e.png', '2020-10-10 15:49:42', '2020-10-23 16:48:14', b'0', b'0', 105, '', 1, 1, 362),
(369, 'Nivea Hydration Body Lotion 250 ml', 311, 17, 1, 17, 1, 460, 500, 500, b'1', 'assets/img/products/a9f1f5eb0ebca1b9e522b0caf10895bb.png', '2020-10-10 15:54:55', '2020-10-23 16:49:08', b'0', b'0', 99, '', 1, 1, 363),
(370, 'Nivea Nourishing Body Lotion 400 ml', 311, 17, 1, 17, 1, 700, 780, 780, b'1', 'assets/img/products/2b56c0591d290557bab92b9b77beda0a.png', '2020-10-10 15:56:19', '2020-10-23 16:48:50', b'0', b'0', 99, '', 1, 1, 364),
(371, 'AXE Alaska Fresh Deodorant 150 ml', 312, 24, 1, 24, 1, 285, 320, 320, b'1', 'assets/img/products/453e3a13c29ecddff0b846e88d801a0d.png', '2020-10-11 11:04:28', '2020-10-23 16:50:30', b'0', b'0', 28, '', 1, 1, 365),
(372, 'AXE Black 48 H - 150 ml', 312, 24, 1, 24, 1, 285, 320, 320, b'1', 'assets/img/products/9b8e8233819eddd288669f83c756a444.png', '2020-10-11 11:07:19', '2020-11-15 19:14:43', b'0', b'0', 106, '', 2, 0, 372),
(373, 'AXE Marine Deodorant for Men 150 ml', 312, 24, 1, 24, 1, 285, 320, 320, b'1', 'assets/img/products/ddb5b165e7b9b5b722f66a362cd6a7fa.png', '2020-10-11 11:09:31', '2020-10-23 16:50:49', b'0', b'0', 106, '', 1, 1, 367),
(374, 'Nivea Invisible Original for Women - 150', 312, 24, 1, 24, 1, 440, 485, 485, b'1', 'assets/img/products/17f090dc75d9c199f96b6831ee7a2dfe.png', '2020-10-11 11:17:00', '2020-10-23 16:51:14', b'0', b'0', 99, '', 1, 1, 368),
(375, 'Nivea Dry Comfirm Deodorant 150 ml', 312, 24, 1, 24, 1, 425, 485, 485, b'1', 'assets/img/products/549942eb4c47c33c356f437fa901bd1a.png', '2020-10-11 13:01:58', '2020-10-23 16:55:16', b'0', b'0', 99, '', 1, 1, 369),
(376, 'Yardley Gentleman Classic - 150 ml', 312, 24, 1, 24, 1, 285, 320, 320, b'1', 'assets/img/products/6ee75a2b8e4c1f52d603183a359c6625.png', '2020-10-11 13:04:29', '2020-10-23 16:57:11', b'0', b'0', 107, '', 1, 1, 370),
(377, 'Yardley Gentleman Legacy - 150 ml', 312, 24, 1, 24, 1, 285, 320, 320, b'1', 'assets/img/products/a0848ee25360af55b62b96b9603a8501.png', '2020-10-11 13:06:51', '2020-10-23 16:58:26', b'0', b'0', 107, '', 1, 1, 371),
(378, 'Yardley Gentleman Urbane - 150 ml', 312, 24, 1, 24, 1, 285, 320, 320, b'1', 'assets/img/products/dc67e07fa43a397a8e46e72842539797.png', '2020-10-11 13:12:33', '2020-10-23 16:58:47', b'0', b'0', 107, '', 1, 1, 372),
(379, 'Yardley Sports Deodorant for Men 150 ml', 312, 24, 1, 24, 1, 285, 320, 320, b'1', 'assets/img/products/95995874d5a4e63e19ccd15e7b369ce6.png', '2020-10-11 13:14:45', '2020-10-23 16:59:40', b'0', b'0', 107, '', 1, 1, 373),
(383, 'Always Maxi Thick Long - 9 Pads', 318, 16, 1, 16, 1, 165, 185, 185, b'1', 'assets/img/products/4d987bb7c93402dcd05fa02eee3ac811.jpg', '2020-11-14 13:05:00', '2020-11-14 13:08:06', b'0', b'0', 108, '', 1, 0, 0),
(384, 'Always Ultra Long Gel Core - 8 Pads', 318, 16, 1, 16, 1, 165, 185, 185, b'1', 'assets/img/products/c20fa04a78b3f202dcca55f2b41c7d17.jpg', '2020-11-14 13:10:08', '2020-11-14 08:10:08', b'0', b'0', 108, '', 1, 1, 0),
(385, 'Veet Hair Removal Cream-Normal Skin-50g ', 313, 29, 1, 29, 1, 95, 110, 110, b'1', 'assets/img/products/248605e455a4084deb749b131b818ebb.png', '2020-11-16 07:06:18', '2020-11-16 07:08:16', b'0', b'0', 111, '', 1, 0, 0),
(386, 'Veet Hair Removal Cream - Normal Skin-50', 313, 29, 1, 29, 1, 190, 215, 215, b'1', 'assets/img/products/707334151176af11dd8f27e085d87408.png', '2020-11-16 07:10:24', '2020-11-16 02:10:24', b'0', b'0', 111, '', 1, 1, 0),
(387, 'Veet Hair Removal Cream - Normal Skin-10', 313, 29, 1, 29, 1, 370, 420, 420, b'1', 'assets/img/products/26d9994605874672381182d569e0c97d.png', '2020-11-16 07:12:34', '2020-11-16 02:12:34', b'0', b'0', 111, '', 1, 1, 0),
(388, 'Cool & Cool Cotton Buds-100 buds', 314, 18, 1, 18, 1, 80, 95, 95, b'1', 'assets/img/products/258c2017ac1a9fe232c6102d6f6f3e26.jpg', '2020-11-16 08:06:21', '2020-11-16 03:06:21', b'0', b'0', 101, '', 1, 1, 0),
(389, 'Sunsilk Hair Fall Solution Shampoo 380 ml', 199, 17, 1, 17, 1, 385, 435, 435, b'1', 'assets/img/products/c15e266bc0c5b8fc37c9c910d5bf18fb.jpg', '2020-11-23 14:47:27', '2020-11-24 15:18:54', b'0', b'0', 113, '', 1, 0, 2),
(390, 'Sunsilk Stunning Black Shine Shampoo 380 ml', 199, 17, 1, 17, 1, 385, 435, 435, b'1', 'assets/img/products/7135246142d5860f3b13ab012db65961.jpg', '2020-11-23 14:50:02', '2020-11-24 15:19:41', b'0', b'0', 113, '', 1, 0, 5),
(391, 'Sunsilk Keratin Yogurt Shampoo 380 ml', 199, 17, 1, 17, 1, 385, 435, 435, b'1', 'assets/img/products/fb72e35da6042574422d39eee07e6f18.jpg', '2020-11-23 14:51:31', '2020-11-24 15:18:11', b'0', b'0', 113, '', 1, 0, 1),
(392, 'Sunsilk Biotin Long & Healthy Shampoo 380 ml', 199, 17, 1, 17, 1, 385, 435, 435, b'1', 'assets/img/products/05e518c6c3e145e3b5639bb64867e7e0.jpg', '2020-11-23 14:53:03', '2020-11-24 15:19:18', b'0', b'0', 113, '', 0, 0, 4),
(393, 'Pantene ProV Advanced Hair Fall Solution Shampoo 360 ml', 199, 17, 1, 17, 1, 380, 420, 420, b'1', 'assets/img/products/800d7e1f892b0ae750733bb9fd8f0eb7.jpg', '2020-11-23 15:37:38', '2020-11-24 15:07:12', b'0', b'0', 115, '', 1, 0, 0),
(394, 'Pantene Advanced Hair Fall Solution + Deep Black Shampoo 360 ml', 199, 17, 1, 17, 1, 360, 400, 400, b'1', 'assets/img/products/1f77a9fbca3933c43085f3f344570978.jpg', '2020-11-23 15:40:05', '2020-11-25 15:11:05', b'0', b'0', 115, '', 1, 0, 0),
(395, 'Pantene Advanced ProV Milky Extra Treatment  Shampoo 360 ml', 199, 17, 1, 17, 1, 370, 400, 400, b'1', 'assets/img/products/8d4c3728e3873a78f25a47a29fc99981.jpg', '2020-11-23 15:42:28', '2020-11-24 14:58:12', b'0', b'0', 115, '', 1, 0, 0),
(396, 'Pantene Advanced Moisture Renewal Shampoo 360 ml', 199, 17, 1, 17, 1, 340, 380, 380, b'1', 'assets/img/products/dfa6c23c6c303d4695479cd92d4696df.jpg', '2020-11-23 15:58:33', '2020-11-24 15:15:37', b'0', b'0', 115, '', 1, 0, 0),
(397, 'TRESemme Keratin & Argan Oil Pro Collection Shampoo 650 ml', 199, 17, 1, 17, 1, 700, 780, 780, b'1', 'assets/img/products/c5d55e949d76de221a49e914975b2bbf.jpg', '2020-11-24 11:03:47', '2020-11-24 14:55:26', b'0', b'0', 114, '', 1, 0, 0),
(398, 'TRESemme Healthy Volume Shampoo 828 ml', 199, 17, 1, 17, 1, 720, 805, 805, b'1', 'assets/img/products/e8a9dd3327deee0f5abe5c9f69fa1077.jpg', '2020-11-24 11:07:01', '2020-11-24 14:59:45', b'0', b'0', 114, '', 1, 0, 0),
(399, 'TRESemme Anti-Breakage Defense Shampoo 828 ml', 199, 17, 1, 17, 1, 705, 795, 795, b'1', 'assets/img/products/0e271b2636b79c88bea3dbe92a7ba20a.jpg', '2020-11-24 11:29:03', '2020-11-24 14:51:53', b'0', b'0', 114, '', 1, 0, 0),
(400, 'Head & Shoulders Anto Hairfall Anti Dandruff Shampoo 650 ml', 199, 17, 1, 17, 1, 580, 650, 650, b'1', 'assets/img/products/50ca212f5cc06ab22ed9da763df71a78.jpg', '2020-11-25 09:44:54', '2020-11-25 04:44:54', b'0', b'0', 116, '', 1, 1, 0),
(401, 'Head & Shoulders 2-in-1 Classic Clean Anti Dandruff Shampoo + ', 199, 17, 1, 17, 1, 485, 545, 545, b'1', 'assets/img/products/9f8a393eb6937076c19fc2268d68e9c9.jpg', '2020-11-25 09:51:46', '2020-11-25 04:51:46', b'0', b'0', 116, '', 1, 1, 0),
(402, 'Head & Shoulders Classic Clean Anti Dandruff Shampoo for Normal', 199, 17, 1, 17, 1, 200, 230, 230, b'1', 'assets/img/products/9b73f835c3c141d72929d8b8b3f0a1f4.jpg', '2020-11-25 09:56:30', '2020-11-26 17:57:16', b'0', b'0', 116, '', 1, 0, 0),
(403, 'Sunsilk Black Shine Conditioner 180 ml', 199, 17, 1, 17, 1, 185, 245, 245, b'1', 'assets/img/products/f818e8e97149c558fbf382bc978e4e50.jpg', '2020-11-25 10:02:01', '2020-11-25 10:06:33', b'0', b'0', 113, '', 1, 0, 0),
(404, 'Sunsilk Biotin Long & Healthy Growth Conditioner 180 ml', 199, 17, 1, 17, 1, 215, 245, 245, b'1', 'assets/img/products/cd868adf076a356c7556f27c6de631a9.jpg', '2020-11-25 10:04:18', '2020-11-25 05:04:18', b'0', b'0', 113, '', 1, 1, 0),
(405, 'TRESemme Keratin Smooth With Marule Oil 5in1 Conditioner 650 ml', 199, 17, 1, 17, 1, 805, 895, 895, b'1', 'assets/img/products/92b46f27b5e458d194c61507adb7f690.jpg', '2020-11-25 10:14:14', '2020-11-25 10:33:44', b'0', b'0', 114, '', 1, 0, 0),
(406, 'Pantene Milky Extra Treatment Conditioner 180 ml', 199, 17, 1, 17, 1, 185, 245, 245, b'1', 'assets/img/products/eae2fd3ee200ababb4d074aa306991f7.jpg', '2020-11-25 10:20:18', '2020-11-25 10:22:45', b'0', b'0', 115, '', 1, 0, 0),
(407, 'Pantene Anti Hairfall Conditioner 180 ml', 199, 17, 1, 17, 1, 185, 245, 245, b'1', 'assets/img/products/9249da021131082a90161cf18c7173c0.jpg', '2020-11-25 10:22:15', '2020-11-25 05:22:15', b'0', b'0', 115, '', 1, 1, 0),
(408, 'Pantene Smooth & Strong Conditioner 180 ml', 199, 17, 1, 17, 1, 185, 245, 245, b'1', 'assets/img/products/8e77e56545757d3748cc4e0ecc1598cd.jpg', '2020-11-25 10:23:49', '2020-11-25 05:23:49', b'0', b'0', 115, '', 1, 1, 0),
(409, 'Revlon Colorsilk Black -10 ', 263, 18, 1, 18, 1, 390, 425, 425, b'1', 'assets/img/products/1060bdc1754281deb933c80388fef8a2.png', '2020-11-26 15:21:29', '2020-11-26 15:22:20', b'0', b'0', 117, '', 1, 0, 0),
(410, 'Revlon Colorsilk Brown/Black - 20', 263, 18, 1, 18, 1, 385, 425, 425, b'1', 'assets/img/products/13dd1e6b26f3b6a4ca6cc49f4dcbfd73.png', '2020-11-26 15:28:01', '2020-11-26 10:28:01', b'0', b'0', 117, '', 1, 1, 0),
(411, 'revlon Colorsilk Burgundy - 48', 263, 18, 1, 18, 1, 385, 415, 415, b'1', 'assets/img/products/fd718fef06e4f463ca3a45ff6cfb40f4.png', '2020-11-26 15:31:33', '2020-11-26 10:31:33', b'0', b'0', 117, '', 1, 1, 0),
(412, 'Revlon Colorsilk Dark Ash Blonde - 60', 263, 18, 1, 18, 1, 385, 415, 415, b'1', 'assets/img/products/b6fb4287d5dd68baf0af5fa35cdf649a.png', '2020-11-26 15:33:43', '2020-11-26 10:33:43', b'0', b'0', 117, '', 1, 1, 0),
(413, 'Revlon Colorsilk Dark Brown - 30', 263, 18, 1, 18, 1, 385, 425, 425, b'1', 'assets/img/products/c33e6ec9fe5d18cf3703de56d63dec11.png', '2020-11-26 15:35:35', '2020-11-26 10:35:35', b'0', b'0', 117, '', 1, 1, 0),
(414, 'Revlon Colorsilk Dark Mahogany - 32', 263, 18, 1, 18, 1, 385, 415, 415, b'1', 'assets/img/products/8b36c60cecc82a48eb68a7ad25bcbe78.png', '2020-11-26 15:38:01', '2020-11-26 10:38:01', b'0', b'0', 117, '', 1, 1, 0),
(415, 'Revlon Colorsilk Light Ash Brown - 50', 263, 18, 1, 18, 1, 385, 425, 425, b'1', 'assets/img/products/3c2cf817b84785d37631c16d5ceeeeef.png', '2020-11-26 15:41:46', '2020-11-26 10:41:46', b'0', b'0', 117, '', 1, 1, 0),
(416, 'Revlon Colorsilk Light Brown - 51', 263, 18, 1, 18, 1, 385, 425, 425, b'1', 'assets/img/products/fd0d3e4da2ce8c94fd7389d5dc8c5259.png', '2020-11-26 15:43:40', '2020-11-26 10:43:40', b'0', b'0', 117, '', 1, 1, 0),
(417, 'Revlon Colorsilk Light Golden Brown - 54', 263, 18, 1, 18, 1, 385, 425, 425, b'1', 'assets/img/products/ee2aeb0a28a0c7556098b9c7feae918f.png', '2020-11-26 17:17:41', '2020-11-26 12:17:41', b'0', b'0', 117, '', 1, 1, 0),
(418, 'Revlon Colorsilk Medium Auburn - 42', 263, 18, 1, 18, 1, 385, 415, 415, b'1', 'assets/img/products/c0bda67e4e4aff7325c74f523eb065fc.png', '2020-11-26 17:20:09', '2020-11-26 17:22:34', b'0', b'0', 117, '', 0, 0, 0),
(419, 'Revlon Colorsilk Medium Brown - 41', 263, 18, 1, 18, 1, 385, 425, 425, b'1', 'assets/img/products/ec44706a772c875890e623c9d7658780.png', '2020-11-26 17:24:42', '2020-11-26 12:24:42', b'0', b'0', 117, '', 1, 1, 0),
(420, 'Revlon Colorsilk Medium Golden Brown - 43', 263, 18, 1, 18, 1, 385, 425, 425, b'1', 'assets/img/products/3e6370816d36dc7c5efc2be9d7b4c2d2.png', '2020-11-26 17:26:49', '2020-11-26 17:29:49', b'0', b'0', 117, '', 1, 0, 0),
(421, 'Revlon Colorsilk Medium Golden Chestnut Brown - 32', 263, 18, 1, 18, 1, 385, 420, 420, b'1', 'assets/img/products/4896c38aea6f0d00b2fe6e58fbd94345.png', '2020-11-26 17:32:21', '2020-11-26 12:32:21', b'0', b'0', 117, '', 1, 1, 0),
(422, 'Revlon Colorsilk Medium Rich Brown - 47', 263, 18, 1, 18, 1, 385, 425, 425, b'1', 'assets/img/products/50d27f00d88ba77839dcc16cb225aefa.png', '2020-11-26 17:35:32', '2020-11-26 12:35:32', b'0', b'0', 117, '', 1, 1, 0),
(423, 'Revlon Colorsilk Natural Blue Black - 12', 263, 18, 1, 18, 1, 385, 420, 420, b'1', 'assets/img/products/80e23062039dc0b923843c12cae97711.png', '2020-11-26 17:38:37', '2020-11-26 12:38:37', b'0', b'0', 117, '', 1, 1, 0),
(424, 'Olivia Hair Colour - Black ', 263, 18, 1, 18, 1, 135, 165, 165, b'1', 'assets/img/products/2798b838b739c286c57a03bba2dabf8d.png', '2020-11-30 10:12:16', '2020-11-30 10:43:49', b'0', b'0', 118, '', 1, 0, 0),
(425, 'Olivia Hair Colour - Dark Brown', 263, 18, 1, 18, 1, 135, 165, 165, b'1', 'assets/img/products/4836654b91b98f6cf3d2056e62a8e65c.png', '2020-11-30 10:26:42', '2020-11-30 10:44:06', b'0', b'0', 118, '', 1, 0, 0),
(426, 'Olivia hair Colour - Medium Brown ', 263, 18, 1, 18, 1, 135, 165, 165, b'1', 'assets/img/products/d01424c7e98bffda4e3d09db34c56ae6.png', '2020-11-30 10:35:42', '2020-11-30 10:44:22', b'0', b'0', 118, '', 1, 0, 0),
(427, 'Olivia Hair Colour - Light Brown ', 263, 18, 1, 18, 1, 135, 165, 165, b'1', 'assets/img/products/0c98292f3417a44a07c2d4a4277776cc.png', '2020-11-30 10:40:57', '2020-11-30 10:44:37', b'0', b'0', 118, '', 1, 0, 0),
(428, 'Olivia Hair Colour - Hazel Blonde', 263, 18, 1, 18, 1, 135, 165, 165, b'1', 'assets/img/products/1bdd5bedf3d33a647d34ecc5c05af1a3.jpg', '2020-11-30 10:51:38', '2020-11-30 05:51:38', b'0', b'0', 118, '', 1, 1, 0);

-- --------------------------------------------------------

--
-- Table structure for table `grocery_traking_steps`
--

CREATE TABLE `grocery_traking_steps` (
  `StepId` int(11) NOT NULL,
  `StepName` varchar(50) NOT NULL,
  `Status` bit(1) NOT NULL
) ENGINE=InnoDB DEFAULT CHARSET=utf8mb4;

--
-- Dumping data for table `grocery_traking_steps`
--

INSERT INTO `grocery_traking_steps` (`StepId`, `StepName`, `Status`) VALUES
(1, 'Order Placed', b'1'),
(2, 'Processing', b'1'),
(3, 'Packed', b'1'),
(4, 'Shipped', b'1'),
(7, 'Canceled', b'1');

-- --------------------------------------------------------

--
-- Table structure for table `grocery_unit`
--

CREATE TABLE `grocery_unit` (
  `UnitId` int(11) NOT NULL,
  `UnitName` varchar(15) NOT NULL,
  `Status` bit(1) NOT NULL,
  `CreatedOn` datetime NOT NULL,
  `ModifiedOn` datetime NOT NULL DEFAULT current_timestamp()
) ENGINE=InnoDB DEFAULT CHARSET=utf8mb4;

--
-- Dumping data for table `grocery_unit`
--

INSERT INTO `grocery_unit` (`UnitId`, `UnitName`, `Status`, `CreatedOn`, `ModifiedOn`) VALUES
(1, 'Kg', b'1', '2020-07-16 21:02:55', '2020-07-16 12:02:55'),
(2, 'KG', b'0', '2020-07-16 21:07:05', '2020-07-16 12:07:05'),
(3, 'Gram', b'1', '2020-07-16 21:07:29', '2020-07-16 12:07:29'),
(4, 'Ml', b'1', '2020-09-02 18:07:48', '2020-09-02 14:07:48'),
(5, 'Pound', b'1', '2020-09-02 18:10:35', '2020-09-02 14:10:35'),
(6, 'Oz', b'1', '2020-09-02 18:29:38', '2020-09-02 14:29:38'),
(7, 'Lb', b'1', '2020-09-02 18:40:50', '2020-09-02 14:40:50'),
(8, 'Ton', b'1', '2020-09-02 18:42:26', '2020-09-02 14:42:26'),
(9, 'Dozen', b'1', '2020-09-04 12:28:58', '2020-09-04 08:28:58'),
(10, '500 Grams', b'0', '2020-09-04 12:32:11', '2020-09-04 08:32:11'),
(11, '5 Kg', b'0', '2020-09-04 14:25:46', '2020-09-04 10:25:46'),
(12, '10 Kg', b'0', '2020-09-04 14:26:07', '2020-09-04 10:26:07'),
(13, 'Liter', b'1', '2020-09-04 14:31:29', '2020-09-04 10:31:29'),
(14, '800 grams', b'0', '2020-09-18 10:10:43', '2020-09-18 06:10:43'),
(15, '300 grams', b'0', '2020-09-18 10:51:06', '2020-09-18 06:51:06'),
(16, 'Pouch', b'1', '2020-09-18 17:24:39', '2020-09-18 13:24:39'),
(17, 'Bottle', b'1', '2020-09-18 17:24:54', '2020-09-18 13:24:54'),
(18, 'Box', b'1', '2020-09-21 05:54:14', '2020-09-21 01:54:14'),
(19, 'Packet', b'1', '2020-09-21 14:55:01', '2020-09-21 10:55:01'),
(20, 'Grams', b'1', '2020-09-21 14:56:19', '2020-09-21 10:56:19'),
(21, 'Meter', b'1', '2020-09-21 14:56:38', '2020-09-21 10:56:38'),
(22, 'Tin', b'1', '2020-09-21 15:35:37', '2020-09-21 11:35:37'),
(23, 'Carton', b'1', '2020-09-26 15:05:14', '2020-09-26 11:05:14'),
(24, 'Can', b'1', '2020-09-26 16:29:22', '2020-09-26 12:29:22'),
(25, 'Bags', b'1', '2020-09-27 18:03:15', '2020-09-27 14:03:15'),
(26, 'Piece', b'1', '2020-10-03 18:50:27', '2020-10-03 14:50:27'),
(27, 'Stick', b'1', '2020-10-04 07:57:43', '2020-10-04 03:57:43'),
(28, 'Tub', b'1', '2020-10-05 18:06:38', '2020-10-05 14:06:38'),
(29, 'Tube', b'1', '2020-10-06 17:57:56', '2020-10-06 13:57:56');

-- --------------------------------------------------------

--
-- Table structure for table `grocery_user_address`
--

CREATE TABLE `grocery_user_address` (
  `AddressId` int(11) NOT NULL,
  `Address` varchar(100) NOT NULL,
  `UserId` varchar(50) NOT NULL,
  `Status` bit(1) NOT NULL
) ENGINE=InnoDB DEFAULT CHARSET=utf8mb4;

--
-- Dumping data for table `grocery_user_address`
--

INSERT INTO `grocery_user_address` (`AddressId`, `Address`, `UserId`, `Status`) VALUES
(1, 'House#1131, street#06, Mehmoodabad, Karachi', '1', b'1'),
(3, 'lkajsd f;lkasjdf ;lksdf;lkjasd;lf kj;laskdf j;lkasdjf ;lkasjdf ;lkasjd;f lkjasd;flk as;lkdfj ;lasdf', '1', b'0'),
(4, 'lkjad ;flksjd f;lksdjf', '1', b'0'),
(5, 'aaaaaaa', '1', b'0'),
(6, 'ccccccccc', '1', b'0'),
(7, 'bbbbbbbb', '1', b'0'),
(8, 'dddddd', '1', b'0'),
(9, 'eeeeeeeee', '1', b'0'),
(10, 'dddddd', '1', b'0'),
(11, 'fffffff', '1', b'0'),
(12, 'gggggggggg', '1', b'0'),
(13, 'hhhhhhhhhhh', '1', b'0'),
(14, 'iiiiiiiii', '1', b'0'),
(15, 'House#1131, manzoor colony', '0aa31209685b637af3ee', b'1'),
(16, 'abc address\r\n', '4d50106bfd5ab578634e', b'1'),
(22, 'kljhasd lkfjhas dklfjh kljashd flkjhasd fkljh', '2e8e151e2435f01acc93', b'1'),
(23, 'House No 30, Area ABC , Karachi Karachi 75160', 'e4bb14c6c48d39af2132', b'1'),
(24, 'Office #6 Rao Arcade Building Gulshan-e-Hadeed Phase II, Ext.', 'd5ef841eb8bd2f2bf8a2', b'0'),
(25, '504, Marine Heights III Block 2, Clifton, Karachi', '485870e402584d1430da', b'1'),
(26, 'hjhkhkj Rao Arcade Building, Gulshan-e-hadeed Phase II, Ext.', 'dd85877dfcef5226c9c5', b'0'),
(27, 'Rao Arcade Building,  Gulshan-e-hadeed Phase II, Ext.', 'd5ef841eb8bd2f2bf8a2', b'0'),
(28, '504, Marine Heights III Block 2, Clifton, Karachi', 'ba23a20bb064f3f0df48', b'1'),
(29, 'House #43, Near Lal Office Khayaban-e-Ittehad, Karachi', '1', b'1'),
(30, 'sfdsafdsa asdfas', 'ce7580823706e691a204', b'1'),
(31, 'Office #6 Rao Arcade Building Office #6 Rao Arcade Building', 'd5ef841eb8bd2f2bf8a2', b'0'),
(32, 'Office #6 Rao Arcade Building Office #6 Rao Arcade Building', 'd5ef841eb8bd2f2bf8a2', b'1'),
(33, 'A-1016 GULSHAN-E-HADEED PHASE II', 'd5ef841eb8bd2f2bf8a2', b'1'),
(34, 'adasd asdas', '861913d5a125034153ca', b'1');

-- --------------------------------------------------------

--
-- Table structure for table `grocery_value`
--

CREATE TABLE `grocery_value` (
  `ValueId` int(11) NOT NULL,
  `ProductId` int(11) NOT NULL,
  `CreatedOn` date NOT NULL,
  `ModifiedOn` date NOT NULL DEFAULT current_timestamp(),
  `Status` bit(1) NOT NULL
) ENGINE=InnoDB DEFAULT CHARSET=utf8mb4;

--
-- Dumping data for table `grocery_value`
--

INSERT INTO `grocery_value` (`ValueId`, `ProductId`, `CreatedOn`, `ModifiedOn`, `Status`) VALUES
(1, 43, '2020-09-16', '2020-09-16', b'0'),
(2, 39, '2020-09-16', '2020-09-16', b'0'),
(3, 40, '2020-09-16', '2020-09-16', b'0'),
(4, 38, '2020-09-16', '2020-09-16', b'0'),
(5, 44, '2020-09-16', '2020-09-16', b'0'),
(6, 42, '2020-09-16', '2020-09-16', b'0'),
(7, 45, '2020-09-16', '2020-09-16', b'1'),
(8, 46, '2020-09-16', '2020-09-16', b'0'),
(9, 47, '2020-09-16', '2020-09-16', b'0'),
(10, 48, '2020-09-16', '2020-09-16', b'0'),
(11, 49, '2020-09-16', '2020-09-16', b'0'),
(12, 41, '2020-09-16', '2020-09-16', b'0'),
(13, 51, '2020-09-18', '2020-09-18', b'0'),
(14, 42, '2020-09-18', '2020-09-18', b'0'),
(15, 38, '2020-09-18', '2020-09-18', b'0'),
(16, 38, '2020-09-18', '2020-09-18', b'0'),
(17, 38, '2020-09-19', '2020-09-19', b'0'),
(18, 69, '2020-09-20', '2020-09-20', b'0'),
(19, 68, '2020-09-20', '2020-09-20', b'0'),
(20, 72, '2020-09-20', '2020-09-20', b'0'),
(21, 39, '2020-09-20', '2020-09-20', b'0'),
(22, 42, '2020-09-20', '2020-09-20', b'0'),
(23, 46, '2020-09-20', '2020-09-20', b'0'),
(24, 38, '2020-09-21', '2020-09-21', b'0'),
(25, 39, '2020-09-21', '2020-09-21', b'0'),
(26, 40, '2020-09-21', '2020-09-21', b'0'),
(27, 41, '2020-09-21', '2020-09-21', b'0'),
(28, 42, '2020-09-21', '2020-09-21', b'0'),
(29, 43, '2020-09-21', '2020-09-21', b'0'),
(30, 44, '2020-09-21', '2020-09-21', b'0'),
(31, 46, '2020-09-21', '2020-09-21', b'0'),
(32, 47, '2020-09-21', '2020-09-21', b'0'),
(33, 48, '2020-09-21', '2020-09-21', b'0'),
(34, 51, '2020-09-21', '2020-09-21', b'0'),
(35, 52, '2020-09-21', '2020-09-21', b'0'),
(36, 54, '2020-09-21', '2020-09-21', b'0'),
(37, 49, '2020-09-21', '2020-09-21', b'0'),
(38, 50, '2020-09-21', '2020-09-21', b'1'),
(39, 55, '2020-09-21', '2020-09-21', b'0'),
(40, 56, '2020-09-21', '2020-09-21', b'0'),
(41, 57, '2020-09-21', '2020-09-21', b'0'),
(42, 59, '2020-09-21', '2020-09-21', b'0'),
(43, 60, '2020-09-21', '2020-09-21', b'0'),
(44, 53, '2020-09-21', '2020-09-21', b'0'),
(45, 61, '2020-09-21', '2020-09-21', b'0'),
(46, 62, '2020-09-21', '2020-09-21', b'0'),
(47, 64, '2020-09-21', '2020-09-21', b'0'),
(48, 65, '2020-09-21', '2020-09-21', b'0'),
(49, 67, '2020-09-21', '2020-09-21', b'0'),
(50, 66, '2020-09-21', '2020-09-21', b'0'),
(51, 68, '2020-09-21', '2020-09-21', b'0'),
(52, 69, '2020-09-21', '2020-09-21', b'0'),
(53, 70, '2020-09-21', '2020-09-21', b'0'),
(54, 71, '2020-09-21', '2020-09-21', b'0'),
(55, 38, '2020-09-22', '2020-09-22', b'0'),
(56, 40, '2020-09-22', '2020-09-22', b'0'),
(57, 41, '2020-09-22', '2020-09-22', b'0'),
(58, 40, '2020-09-23', '2020-09-23', b'0'),
(59, 38, '2020-09-23', '2020-09-23', b'0'),
(60, 39, '2020-09-23', '2020-09-23', b'0'),
(61, 47, '2020-09-23', '2020-09-23', b'0'),
(62, 46, '2020-09-23', '2020-09-23', b'0'),
(63, 45, '2020-09-23', '2020-09-23', b'0'),
(64, 41, '2020-09-23', '2020-09-23', b'0'),
(65, 42, '2020-09-23', '2020-09-23', b'0'),
(66, 54, '2020-09-23', '2020-09-23', b'0'),
(67, 43, '2020-09-29', '2020-09-29', b'1'),
(68, 44, '2020-09-29', '2020-09-29', b'1'),
(69, 46, '2020-09-29', '2020-09-29', b'1'),
(70, 38, '2020-09-30', '2020-09-30', b'0'),
(71, 39, '2020-09-30', '2020-09-30', b'0'),
(72, 40, '2020-09-30', '2020-09-30', b'0'),
(73, 41, '2020-09-30', '2020-09-30', b'0'),
(74, 42, '2020-09-30', '2020-09-30', b'1'),
(75, 43, '2020-09-30', '2020-09-30', b'1'),
(76, 47, '2020-09-30', '2020-09-30', b'1'),
(77, 48, '2020-09-30', '2020-09-30', b'1'),
(78, 54, '2020-09-30', '2020-09-30', b'1'),
(79, 60, '2020-09-30', '2020-09-30', b'0'),
(80, 105, '2020-09-30', '2020-09-30', b'1'),
(81, 51, '2020-09-30', '2020-09-30', b'1'),
(82, 52, '2020-09-30', '2020-09-30', b'1'),
(83, 64, '2020-09-30', '2020-09-30', b'1'),
(84, 65, '2020-09-30', '2020-09-30', b'1'),
(85, 66, '2020-09-30', '2020-09-30', b'1'),
(86, 67, '2020-09-30', '2020-09-30', b'1'),
(87, 68, '2020-09-30', '2020-09-30', b'1'),
(88, 70, '2020-09-30', '2020-09-30', b'1'),
(89, 71, '2020-09-30', '2020-09-30', b'1'),
(90, 38, '2020-11-25', '2020-11-25', b'1'),
(91, 39, '2020-11-25', '2020-11-25', b'1'),
(92, 40, '2020-11-25', '2020-11-25', b'1'),
(93, 41, '2020-11-25', '2020-11-25', b'1');

-- --------------------------------------------------------

--
-- Table structure for table `language`
--

CREATE TABLE `language` (
  `id` int(11) UNSIGNED NOT NULL,
  `phrase` text NOT NULL,
  `english` text DEFAULT NULL
) ENGINE=InnoDB DEFAULT CHARSET=utf8;

--
-- Dumping data for table `language`
--

INSERT INTO `language` (`id`, `phrase`, `english`) VALUES
(1, 'user_profile', 'User Profile'),
(2, 'setting', 'Setting'),
(3, 'language', 'Language'),
(4, 'manage_users', 'Manage Users'),
(5, 'add_user', 'Add User'),
(6, 'manage_company', 'Manage Company'),
(7, 'web_settings', 'Software Settings'),
(8, 'manage_accounts', 'Manage Accounts'),
(9, 'create_accounts', 'Create Account'),
(10, 'manage_bank', 'Manage Bank'),
(11, 'add_new_bank', 'Add New Bank'),
(12, 'settings', 'Bank'),
(13, 'closing_report', 'Closing Report'),
(14, 'closing', 'Closing'),
(15, 'cheque_manager', 'Cheque Manager'),
(16, 'accounts_summary', 'Accounts Summary'),
(17, 'expense', 'Expense'),
(18, 'income', 'Income'),
(19, 'accounts', 'Accounts'),
(20, 'stock_report', 'Stock Report'),
(21, 'stock', 'Stock'),
(22, 'pos_invoice', 'POS Invoice'),
(23, 'manage_invoice', 'Manage Invoice '),
(24, 'new_invoice', 'New Invoice'),
(25, 'invoice', 'Invoice'),
(26, 'manage_purchase', 'Manage Purchase'),
(27, 'add_purchase', 'Add Purchase'),
(28, 'purchase', 'Purchase'),
(29, 'paid_customer', 'Paid Customer'),
(30, 'manage_customer', 'Manage Customer'),
(31, 'add_customer', 'Add Customer'),
(32, 'customer', 'Customer'),
(33, 'supplier_payment_actual', 'Supplier Payment Ledger'),
(34, 'supplier_sales_summary', 'Supplier Sales Summary'),
(35, 'supplier_sales_details', 'Supplier Sales Details'),
(36, 'supplier_ledger', 'Supplier Ledger'),
(37, 'manage_supplier', 'Manage Supplier'),
(38, 'add_supplier', 'Add Supplier'),
(39, 'supplier', 'Supplier'),
(40, 'product_statement', 'Product Statement'),
(41, 'manage_product', 'Manage Product'),
(42, 'add_product', 'Add Product'),
(43, 'product', 'Product'),
(44, 'manage_category', 'Manage Category'),
(45, 'add_category', 'Add Category'),
(46, 'category', 'Category'),
(47, 'sales_report_product_wise', 'Sales Report (Product Wise)'),
(48, 'purchase_report', 'Purchase Report'),
(49, 'sales_report', 'Sales Report'),
(50, 'todays_report', 'Todays Report'),
(51, 'report', 'Report'),
(52, 'dashboard', 'Dashboard'),
(53, 'online', 'Online'),
(54, 'logout', 'Logout'),
(55, 'change_password', 'Change Password'),
(56, 'total_purchase', 'Total Purchase'),
(57, 'total_amount', 'Total Amount'),
(58, 'supplier_name', 'Supplier Name'),
(59, 'invoice_no', 'Invoice No'),
(60, 'purchase_date', 'Purchase Date'),
(61, 'todays_purchase_report', 'Todays Purchase Report'),
(62, 'total_sales', 'Total Sales'),
(63, 'customer_name', 'Customer Name'),
(64, 'sales_date', 'Sales Date'),
(65, 'todays_sales_report', 'Todays Sales Report'),
(66, 'home', 'Home'),
(67, 'todays_sales_and_purchase_report', 'Todays sales and purchase report'),
(68, 'total_ammount', 'Total Amount'),
(69, 'rate', 'Rate'),
(70, 'product_model', 'Product Model'),
(71, 'product_name', 'Product Name'),
(72, 'search', 'Search'),
(73, 'end_date', 'End Date'),
(74, 'start_date', 'Start Date'),
(75, 'total_purchase_report', 'Total Purchase Report'),
(76, 'total_sales_report', 'Total Sales Report'),
(77, 'total_seles', 'Total Sales'),
(78, 'all_stock_report', 'All Stock Report'),
(79, 'search_by_product', 'Search By Product'),
(80, 'date', 'Date'),
(81, 'print', 'Print'),
(82, 'stock_date', 'Stock Date'),
(83, 'print_date', 'Print Date'),
(84, 'sales', 'Sales'),
(85, 'price', 'Price'),
(86, 'sl', 'SL.'),
(87, 'add_new_category', 'Add new category'),
(88, 'category_name', 'Category Name'),
(89, 'save', 'Save'),
(90, 'delete', 'Delete'),
(91, 'update', 'Update'),
(92, 'action', 'Action'),
(93, 'manage_your_category', 'Manage your category '),
(94, 'category_edit', 'Category Edit'),
(95, 'status', 'Status'),
(96, 'active', 'Active'),
(97, 'inactive', 'Inactive'),
(98, 'save_changes', 'Save Changes'),
(99, 'save_and_add_another', 'Save And Add Another'),
(100, 'model', 'Model'),
(101, 'supplier_price', 'Supplier Price'),
(102, 'sell_price', 'Sale Price'),
(103, 'image', 'Image'),
(104, 'select_one', 'Select One'),
(105, 'details', 'Details'),
(106, 'new_product', 'New Product'),
(107, 'add_new_product', 'Add new product'),
(108, 'barcode', 'Barcode'),
(109, 'qr_code', 'Qr-Code'),
(110, 'product_details', 'Product Details'),
(111, 'manage_your_product', 'Manage your product'),
(112, 'product_edit', 'Product Edit'),
(113, 'edit_your_product', 'Edit your product'),
(114, 'cancel', 'Cancel'),
(115, 'incl_vat', 'Incl. Vat'),
(116, 'money', 'TK'),
(117, 'grand_total', 'Grand Total'),
(118, 'quantity', 'Qnty'),
(119, 'product_report', 'Product Report'),
(120, 'product_sales_and_purchase_report', 'Product sales and purchase report'),
(121, 'previous_stock', 'Previous Stock'),
(122, 'out', 'Out'),
(123, 'in', 'In'),
(124, 'to', 'To'),
(125, 'previous_balance', 'Previous Credit Balance'),
(126, 'customer_address', 'Customer Address'),
(127, 'customer_mobile', 'Customer Mobile'),
(128, 'customer_email', 'Customer Email'),
(129, 'add_new_customer', 'Add new customer'),
(130, 'balance', 'Balance'),
(131, 'mobile', 'Mobile'),
(132, 'address', 'Address'),
(133, 'manage_your_customer', 'Manage your customer'),
(134, 'customer_edit', 'Customer Edit'),
(135, 'paid_customer_list', 'Paid Customer List'),
(136, 'ammount', 'Amount'),
(137, 'customer_ledger', 'Customer Ledger'),
(138, 'manage_customer_ledger', 'Manage Customer Ledger'),
(139, 'customer_information', 'Customer Information'),
(140, 'debit_ammount', 'Debit Amount'),
(141, 'credit_ammount', 'Credit Amount'),
(142, 'balance_ammount', 'Balance Amount'),
(143, 'receipt_no', 'Receipt NO'),
(144, 'description', 'Description'),
(145, 'debit', 'Debit'),
(146, 'credit', 'Credit'),
(147, 'item_information', 'Item Information'),
(148, 'total', 'Total'),
(149, 'please_select_supplier', 'Please Select Supplier'),
(150, 'submit', 'Submit'),
(151, 'submit_and_add_another', 'Submit And Add Another One'),
(152, 'add_new_item', 'Add New Item'),
(153, 'manage_your_purchase', 'Manage your purchase'),
(154, 'purchase_edit', 'Purchase Edit'),
(155, 'purchase_ledger', 'Purchase Ledger'),
(156, 'invoice_information', 'Invoice Information'),
(157, 'paid_ammount', 'Paid Amount'),
(158, 'discount', 'Dis./Pcs.'),
(159, 'save_and_paid', 'Save And Paid'),
(160, 'payee_name', 'Payee Name'),
(161, 'manage_your_invoice', 'Manage your invoice'),
(162, 'invoice_edit', 'Invoice Edit'),
(163, 'new_pos_invoice', 'New POS invoice'),
(164, 'add_new_pos_invoice', 'Add new pos invoice'),
(165, 'product_id', 'Product ID'),
(166, 'paid_amount', 'Paid Amount'),
(167, 'authorised_by', 'Authorised By'),
(168, 'checked_by', 'Checked By'),
(169, 'received_by', 'Received By'),
(170, 'prepared_by', 'Prepared By'),
(171, 'memo_no', 'Memo No'),
(172, 'website', 'Website'),
(173, 'email', 'Email'),
(174, 'invoice_details', 'Invoice Details'),
(175, 'reset', 'Reset'),
(176, 'payment_account', 'Payment Account'),
(177, 'bank_name', 'Bank Name'),
(178, 'cheque_or_pay_order_no', 'Cheque/Pay Order No'),
(179, 'payment_type', 'Payment Type'),
(180, 'payment_from', 'Payment From'),
(181, 'payment_date', 'Payment Date'),
(182, 'add_income', 'Add Income'),
(183, 'cash', 'Cash'),
(184, 'cheque', 'Cheque'),
(185, 'pay_order', 'Pay Order'),
(186, 'payment_to', 'Payment To'),
(187, 'total_outflow_ammount', 'Total Expense Amount'),
(188, 'transections', 'Transections'),
(189, 'accounts_name', 'Accounts Name'),
(190, 'outflow_report', 'Expense Report'),
(191, 'inflow_report', 'Income Report'),
(192, 'all', 'All'),
(193, 'account', 'Account'),
(194, 'from', 'From'),
(195, 'account_summary_report', 'Account Summary Report'),
(196, 'search_by_date', 'Search By Date'),
(197, 'cheque_no', 'Cheque No'),
(198, 'name', 'Name'),
(199, 'closing_account', 'Closing Account'),
(200, 'close_your_account', 'Close your account'),
(201, 'last_day_closing', 'Last Day Closing'),
(202, 'cash_in', 'Cash In'),
(203, 'cash_out', 'Cash Out'),
(204, 'cash_in_hand', 'Cash In Hand'),
(205, 'add_new_bank', 'Add New Bank'),
(206, 'day_closing', 'Day Closing'),
(207, 'account_closing_report', 'Account Closing Report'),
(208, 'last_day_ammount', 'Last Day Amount'),
(209, 'adjustment', 'Adjustment'),
(210, 'pay_type', 'Pay Type'),
(211, 'customer_or_supplier', 'Customer,Supplier Or Others'),
(212, 'transection_id', 'Transections ID'),
(213, 'accounts_summary_report', 'Accounts Summary Report'),
(214, 'bank_list', 'Bank List'),
(215, 'bank_edit', 'Bank Edit'),
(216, 'debit_plus', 'Debit (+)'),
(217, 'credit_minus', 'Credit (-)'),
(218, 'account_name', 'Account Name'),
(219, 'account_type', 'Account Type'),
(220, 'account_real_name', 'Account Real Name'),
(221, 'manage_account', 'Manage Account'),
(222, 'company_name', 'Niha International'),
(223, 'edit_your_company_information', 'Edit your company information'),
(224, 'company_edit', 'Company Edit'),
(225, 'admin', 'Admin'),
(226, 'user', 'User'),
(227, 'password', 'Password'),
(228, 'last_name', 'Last Name'),
(229, 'first_name', 'First Name'),
(230, 'add_new_user_information', 'Add new user information'),
(231, 'user_type', 'User Type'),
(232, 'user_edit', 'User Edit'),
(233, 'rtr', 'RTR'),
(234, 'ltr', 'LTR'),
(235, 'ltr_or_rtr', 'LTR/RTR'),
(236, 'footer_text', 'Footer Text'),
(237, 'favicon', 'Favicon'),
(238, 'logo', 'Logo'),
(239, 'update_setting', 'Update Setting'),
(240, 'update_your_web_setting', 'Update your web setting'),
(241, 'login', 'Login'),
(242, 'your_strong_password', 'Your strong password'),
(243, 'your_unique_email', 'Your unique email'),
(244, 'please_enter_your_login_information', 'Please enter your login information.'),
(245, 'update_profile', 'Update Profile'),
(246, 'your_profile', 'Your Profile'),
(247, 're_type_password', 'Re-Type Password'),
(248, 'new_password', 'New Password'),
(249, 'old_password', 'Old Password'),
(250, 'new_information', 'New Information'),
(251, 'old_information', 'Old Information'),
(252, 'change_your_information', 'Change your information'),
(253, 'change_your_profile', 'Change your profile'),
(254, 'profile', 'Profile'),
(255, 'wrong_username_or_password', 'Wrong User Name Or Password !'),
(256, 'successfully_updated', 'Successfully Updated.'),
(257, 'blank_field_does_not_accept', 'Blank Field Does Not Accept !'),
(258, 'successfully_changed_password', 'Successfully changed password.'),
(259, 'you_are_not_authorised_person', 'You are not authorised person !'),
(260, 'password_and_repassword_does_not_match', 'Passwor and re-password does not match !'),
(261, 'new_password_at_least_six_character', 'New Password At Least 6 Character.'),
(262, 'you_put_wrong_email_address', 'You put wrong email address !'),
(263, 'cheque_ammount_asjusted', 'Cheque amount adjusted.'),
(264, 'successfully_payment_paid', 'Successfully Payment Paid.'),
(265, 'successfully_added', 'Successfully Added.'),
(266, 'successfully_updated_2_closing_ammount_not_changeale', 'Successfully Updated -2. Note: Closing Amount Not Changeable.'),
(267, 'successfully_payment_received', 'Successfully Payment Received.'),
(268, 'already_inserted', 'Already Inserted !'),
(269, 'successfully_delete', 'Successfully Delete.'),
(270, 'successfully_created', 'Successfully Created.'),
(271, 'logo_not_uploaded', 'Logo not uploaded !'),
(272, 'favicon_not_uploaded', 'Favicon not uploaded !'),
(273, 'supplier_mobile', 'Supplier Mobile'),
(274, 'supplier_address', 'Supplier Address'),
(275, 'supplier_details', 'Supplier Details'),
(276, 'add_new_supplier', 'Add New Supplier'),
(277, 'manage_suppiler', 'Manage Supplier'),
(278, 'manage_your_supplier', 'Manage your supplier'),
(279, 'manage_supplier_ledger', 'Manage supplier ledger'),
(280, 'invoice_id', 'Invoice ID'),
(281, 'deposite_id', 'Deposite ID'),
(282, 'supplier_actual_ledger', 'Supplier Payment Ledger'),
(283, 'supplier_information', 'Supplier Information'),
(284, 'event', 'Event'),
(285, 'add_new_income', 'Add New Income'),
(286, 'add_expese', 'Add Expense'),
(287, 'add_new_expense', 'Add New Expense'),
(288, 'total_inflow_ammount', 'Total Income Amount'),
(289, 'create_new_invoice', 'Create New Invoice'),
(290, 'create_pos_invoice', 'Create POS Invoice'),
(291, 'total_profit', 'Total Profit'),
(292, 'monthly_progress_report', 'Monthly Progress Report'),
(293, 'total_invoice', 'Total Invoice'),
(294, 'account_summary', 'Account Summary'),
(295, 'total_supplier', 'Total Supplier'),
(296, 'total_product', 'Total Product'),
(297, 'total_customer', 'Total Customer'),
(298, 'supplier_edit', 'Supplier Edit'),
(299, 'add_new_invoice', 'Add New Invoice'),
(300, 'add_new_purchase', 'Add new purchase'),
(301, 'currency', 'Currency'),
(302, 'currency_position', 'Currency Position'),
(303, 'left', 'Left'),
(304, 'right', 'Right'),
(305, 'add_tax', 'Add Tax'),
(306, 'manage_tax', 'Manage Tax'),
(307, 'add_new_tax', 'Add new tax'),
(308, 'enter_tax', 'Enter Tax'),
(309, 'already_exists', 'Already Exists !'),
(310, 'successfully_inserted', 'Successfully Inserted.'),
(311, 'tax', 'Tax'),
(312, 'tax_edit', 'Tax Edit'),
(313, 'product_not_added', 'Product not added !'),
(314, 'total_tax', 'Total Tax'),
(315, 'manage_your_supplier_details', 'Manage your supplier details.'),
(316, 'invoice_description', 'Lorem Ipsum is sim ply dummy Lorem Ipsum is simply dummy Lorem Ipsum is simply dummy Lorem Ipsum is simply dummy Lorem Ipsum is simply dummy Lorem Ipsum is sim ply dummy Lorem Ipsum is simply dummy Lorem Ipsum is simply dummy Lorem Ipsum is simply dummy Lorem Ipsum is simply dummy'),
(317, 'thank_you_for_choosing_us', 'Thank you very much for choosing us.'),
(318, 'billing_date', 'Billing Date'),
(319, 'billing_to', 'Billing To'),
(320, 'billing_from', 'Billing From'),
(321, 'you_cant_delete_this_product', 'Sorry !!  You can\'t delete this product.This product already used in calculation system!'),
(322, 'old_customer', 'Old Customer'),
(323, 'new_customer', 'New Customer'),
(324, 'new_supplier', 'New Supplier'),
(325, 'old_supplier', 'Old Supplier'),
(326, 'credit_customer', 'Credit Customer'),
(327, 'account_already_exists', 'This Account Already Exists !'),
(328, 'edit_income', 'Edit Income'),
(329, 'you_are_not_access_this_part', 'You are not authorised person !'),
(330, 'account_edit', 'Account Edit'),
(331, 'due', 'Due'),
(332, 'expense_edit', 'Expense Edit'),
(333, 'please_select_customer', 'Please select customer !'),
(334, 'profit_report', 'Profit Report (Invoice Wise)'),
(335, 'total_profit_report', 'Total profit report'),
(336, 'please_enter_valid_captcha', 'Please enter valid captcha.'),
(337, 'category_not_selected', 'Category not selected.'),
(338, 'supplier_not_selected', 'Supplier not selected.'),
(339, 'please_select_product', 'Please select product.'),
(340, 'product_model_already_exist', 'Product model already exist !'),
(341, 'invoice_logo', 'Invoice Logo'),
(342, 'available_qnty', 'Av. Qnty.'),
(343, 'you_can_not_buy_greater_than_available_cartoon', 'You can not select grater than available cartoon !'),
(344, 'customer_details', 'Customer details'),
(345, 'manage_customer_details', 'Manage customer details.'),
(346, 'site_key', 'Captcha Site Key'),
(347, 'secret_key', 'Captcha Secret Key'),
(348, 'captcha', 'Captcha'),
(349, 'cartoon_quantity', 'Cartoon Quantity'),
(350, 'total_cartoon', 'Total Cartoon'),
(351, 'cartoon', 'Cartoon'),
(352, 'item_cartoon', 'Item/Cartoon'),
(353, 'product_and_supplier_did_not_match', 'Product and supplier did not match !'),
(354, 'if_you_update_purchase_first_select_supplier_then_product_and_then_quantity', 'If you update purchase,first select supplier then product and then update qnty.'),
(355, 'item', 'Item'),
(356, 'manage_your_credit_customer', 'Manage your credit customer'),
(357, 'total_quantity', 'Total Quantity'),
(358, 'quantity_per_cartoon', 'Quantity per cartoon'),
(359, 'barcode_qrcode_scan_here', 'Barcode or QR-code scan here'),
(360, 'synchronizer_setting', 'Synchronizer Setting'),
(361, 'data_synchronizer', 'Data Synchronizer'),
(362, 'hostname', 'Host name'),
(363, 'username', 'User Name'),
(364, 'ftp_port', 'FTP Port'),
(365, 'ftp_debug', 'FTP Debug'),
(366, 'project_root', 'Project Root'),
(367, 'please_try_again', 'Please try again'),
(368, 'save_successfully', 'Save successfully'),
(369, 'synchronize', 'Synchronize'),
(370, 'internet_connection', 'Internet Connection'),
(371, 'outgoing_file', 'Outgoing File'),
(372, 'incoming_file', 'Incoming File'),
(373, 'ok', 'Ok'),
(374, 'not_available', 'Not Available'),
(375, 'available', 'Available'),
(376, 'download_data_from_server', 'Download data from server'),
(377, 'data_import_to_database', 'Data import to database'),
(378, 'data_upload_to_server', 'Data uplod to server'),
(379, 'please_wait', 'Please Wait'),
(380, 'ooops_something_went_wrong', 'Oooops Something went wrong !'),
(381, 'upload_successfully', 'Upload successfully'),
(382, 'unable_to_upload_file_please_check_configuration', 'Unable to upload file please check configuration'),
(383, 'please_configure_synchronizer_settings', 'Please configure synchronizer settings'),
(384, 'download_successfully', 'Download successfully'),
(385, 'unable_to_download_file_please_check_configuration', 'Unable to download file please check configuration'),
(386, 'data_import_first', 'Data import past'),
(387, 'data_import_successfully', 'Data import successfully'),
(388, 'unable_to_import_data_please_check_config_or_sql_file', 'Unable to import data please check config or sql file'),
(389, 'total_sale_ctn', 'Total Sale Ctn'),
(390, 'in_qnty', 'In Qnty.'),
(391, 'out_qnty', 'Out Qnty.'),
(392, 'stock_report_supplier_wise', 'Stock Report (Supplier Wise)'),
(393, 'all_stock_report_supplier_wise', 'Stock Report (Suppler Wise)'),
(394, 'select_supplier', 'Select Supplier'),
(395, 'stock_report_product_wise', 'Stock Report (Product Wise)'),
(396, 'phone', 'Phone'),
(397, 'select_product', 'Select Product'),
(398, 'in_quantity', 'In Qnty.'),
(399, 'out_quantity', 'Out Qnty.'),
(400, 'in_taka', 'In TK.'),
(401, 'out_taka', 'Out TK.'),
(402, 'commission', 'Commission'),
(403, 'generate_commission', 'Generate Commssion'),
(404, 'commission_rate', 'Commission Rate'),
(405, 'total_ctn', 'Total Ctn.'),
(406, 'per_pcs_commission', 'Per PCS Commission'),
(407, 'total_commission', 'Total Commission'),
(408, 'enter', 'Enter'),
(409, 'please_add_walking_customer_for_default_customer', 'Please add \'Walking Customer\' for default customer.'),
(410, 'supplier_ammount', 'Supplier Amount'),
(411, 'my_sale_ammount', 'My Sale Amount'),
(412, 'signature_pic', 'Signature Picture'),
(413, 'branch', 'Branch'),
(414, 'ac_no', 'A/C Number'),
(415, 'ac_name', 'A/C Name'),
(416, 'bank_transaction', 'Bank Transaction'),
(417, 'bank', 'Bank'),
(418, 'withdraw_deposite_id', 'Withdraw / Deposite ID'),
(419, 'bank_ledger', 'Bank Ledger'),
(420, 'note_name', 'Note Name'),
(421, 'pcs', 'Pcs.'),
(422, '1', '1'),
(423, '2', '2'),
(424, '5', '5'),
(425, '10', '10'),
(426, '20', '20'),
(427, '50', '50'),
(428, '100', '100'),
(429, '500', '500'),
(430, '1000', '1000'),
(431, 'total_discount', 'Total Discount'),
(432, 'product_not_found', 'Product not found !'),
(433, 'this_is_not_credit_customer', 'This is not credit customer !'),
(434, 'personal_loan', 'Office Loan'),
(435, 'add_person', 'Add Person'),
(436, 'add_loan', 'Add Loan'),
(437, 'add_payment', 'Add Payment'),
(438, 'manage_person', 'Manage Person'),
(439, 'personal_edit', 'Person Edit'),
(440, 'person_ledger', 'Person Ledger'),
(441, 'backup_restore', 'Backup '),
(442, 'database_backup', 'Database backup'),
(443, 'file_information', 'File information'),
(444, 'filename', 'Filename'),
(445, 'size', 'Size'),
(446, 'backup_date', 'Backup date'),
(447, 'backup_now', 'Backup now'),
(448, 'restore_now', 'Restore now'),
(449, 'are_you_sure', 'Are you sure ?'),
(450, 'download', 'Download'),
(451, 'backup_and_restore', 'Backup'),
(452, 'backup_successfully', 'Backup successfully'),
(453, 'delete_successfully', 'Delete successfully'),
(454, 'stock_ctn', 'Stock/Qnt'),
(455, 'unit', 'Unit'),
(456, 'meter_m', 'Meter (M)'),
(457, 'piece_pc', 'Piece (Pc)'),
(458, 'kilogram_kg', 'Kilogram (Kg)'),
(459, 'stock_cartoon', 'Stock Cartoon'),
(460, 'add_product_csv', 'Add Product (CSV)'),
(461, 'import_product_csv', 'Import product (CSV)'),
(462, 'close', 'Close'),
(463, 'download_example_file', 'Download example file.'),
(464, 'upload_csv_file', 'Upload CSV File'),
(465, 'csv_file_informaion', 'CSV File Information'),
(466, 'out_of_stock', 'Out Of Stock'),
(467, 'others', 'Others'),
(468, 'full_paid', 'Full Paid'),
(469, 'successfully_saved', 'Your Data Successfully Saved'),
(470, 'manage_loan', 'Manage Loan'),
(471, 'receipt', 'Receipt'),
(472, 'payment', 'Payment'),
(473, 'cashflow', 'Daily Cash Flow'),
(474, 'signature', 'Signature'),
(475, 'supplier_reports', 'Supplier Reports'),
(476, 'generate', 'Generate'),
(477, 'todays_overview', 'Todays Overview'),
(478, 'last_sales', 'Last Sales'),
(479, 'manage_transaction', 'Manage Transaction'),
(481, 'daily_summary', 'Daily Summary'),
(482, 'daily_cash_flow', 'Daily Cash Flow'),
(483, 'custom_report', 'Custom Report'),
(484, 'transaction', 'Transaction'),
(485, 'receipt_amount', 'Receipt Amount'),
(486, 'transaction_details_datewise', 'Transaction Details Datewise'),
(487, 'cash_closing', 'Cash Closing'),
(488, 'you_can_not_buy_greater_than_available_qnty', 'You can not buy greater than available qnty.'),
(489, 'supplier_id', 'Supplier ID'),
(490, 'category_id', 'Category ID'),
(491, 'select_report', 'Select Report'),
(492, 'supplier_summary', 'Supplier summary'),
(493, 'sales_payment_actual', 'Sales payment actual'),
(494, 'today_already_closed', 'Today already closed.'),
(495, 'root_account', 'Root Account'),
(496, 'office', 'Office'),
(497, 'loan', 'Loan'),
(498, 'transaction_mood', 'Transaction Mood'),
(499, 'select_account', 'Select Account'),
(500, 'add_receipt', 'Add Receipt'),
(501, 'update_transaction', 'Update Transaction'),
(502, 'no_stock_found', 'No Stock Found !'),
(503, 'admin_login_area', 'Admin Login Area'),
(505, 'print_qr_code', 'Print QR Code'),
(506, 'discount_type', 'Discount Type'),
(507, 'discount_percentage', 'Discount'),
(508, 'fixed_dis', 'Fixed Dis.'),
(509, 'return', 'Return'),
(510, 'stock_return_list', 'Stock Return List'),
(511, 'wastage_return_list', 'Wastage Return List'),
(512, 'return_invoice', 'Invoice Return'),
(513, 'sold_qty', 'Sold Qty'),
(514, 'ret_quantity', 'Return Qty'),
(515, 'deduction', 'Deduction'),
(516, 'check_return', 'Check Return'),
(517, 'reason', 'Reason'),
(518, 'usablilties', 'Usability'),
(519, 'adjs_with_stck', 'Adjust With Stock'),
(520, 'return_to_supplier', 'Return To Supplier'),
(521, 'wastage', 'Wastage'),
(522, 'to_deduction', 'Total Deduction '),
(523, 'nt_return', 'Net Return Amount'),
(524, 'return_list', 'Return List'),
(525, 'add_return', 'Add Return'),
(526, 'per_qty', 'Purchase Qty'),
(527, 'return_supplier', 'Supplier Return'),
(528, 'stock_purchase', 'Stock Purchase Price'),
(529, 'stock_sale', 'Stock Sale Price'),
(530, 'supplier_return', 'Supplier Return'),
(531, 'purchase_id', 'Purchase ID'),
(532, 'return_id', 'Return ID'),
(533, 'supplier_return_list', 'Supplier Return List'),
(534, 'c_r_slist', 'Stock Return Stock'),
(535, 'wastage_list', 'Wastage List'),
(536, 'please_input_correct_invoice_id', 'Please Input a Correct Invoice ID'),
(537, 'please_input_correct_purchase_id', 'Please Input Your Correct  Purchase ID'),
(538, 'add_more', 'Add More'),
(539, 'prouct_details', 'Product Details'),
(540, 'prouct_detail', 'Product Details'),
(541, 'stock_return', 'Stock Return'),
(542, 'choose_transaction', 'Select Transaction'),
(543, 'transection_category', 'Select  Category'),
(544, 'transaction_categry', 'Select Category'),
(545, 'search_supplier', 'Search Supplier'),
(546, 'customer_id', 'Customer ID'),
(547, 'search_customer', 'Search Customer Invoice'),
(548, 'serial_no', 'Serial Number'),
(549, 'item_discount', 'Item Discount'),
(550, 'invoice_discount', 'Invoice Discount'),
(551, 'add_unit', 'Add Unit'),
(552, 'manage_unit', 'Manage Unit'),
(553, 'add_new_unit', 'Add New Unit'),
(554, 'unit_name', 'Unit Name'),
(555, 'payment_amount', 'Payment Amount'),
(556, 'manage_your_unit', 'Manage Your Unit'),
(557, 'unit_id', 'Unit ID'),
(558, 'unit_edit', 'Unit Edit'),
(559, 'multi_payment', 'Multi Payment'),
(560, 'voucher_information', 'Voucher Information'),
(561, 'voucher_no', 'Voucher No'),
(562, 'person_name', 'Contact Name'),
(563, 'manage_voucher', 'Manage Voucher'),
(564, 'credit_limit', 'Credit Limit'),
(565, 'due_date', 'Due Date'),
(566, 'vat', 'Vat'),
(567, 'sales_report_category_wise', 'Sales Report (Category wise)'),
(568, 'purchase_report_category_wise', 'Purchase Report (Category wise)'),
(569, 'category_wise_purchase_report', 'Category wise purchase report'),
(570, 'category_wise_sales_report', 'Category wise sales report'),
(571, 'best_sale_product', 'Best Sale Product'),
(572, 'all_best_sales_product', 'All Best Sales Products'),
(573, 'todays_customer_receipt', 'Todays Customer Receipt'),
(574, 'not_found', 'Record not found'),
(575, 'collection', 'Collection'),
(576, 'sale_order_number', 'Sale Order #');

-- --------------------------------------------------------

--
-- Table structure for table `users`
--

CREATE TABLE `users` (
  `user_id` varchar(20) NOT NULL,
  `last_name` varchar(255) DEFAULT NULL,
  `first_name` varchar(255) DEFAULT NULL,
  `gender` int(2) DEFAULT NULL,
  `date_of_birth` varchar(255) DEFAULT NULL,
  `logo` varchar(250) DEFAULT NULL,
  `status` int(2) NOT NULL,
  `phone` varchar(20) NOT NULL,
  `email` varchar(30) DEFAULT NULL,
  `city` varchar(20) DEFAULT NULL,
  `country` varchar(20) DEFAULT NULL,
  `AddressId` int(11) NOT NULL,
  `address` varchar(100) NOT NULL,
  `address_details` text NOT NULL
) ENGINE=MyISAM DEFAULT CHARSET=utf8;

--
-- Dumping data for table `users`
--

INSERT INTO `users` (`user_id`, `last_name`, `first_name`, `gender`, `date_of_birth`, `logo`, `status`, `phone`, `email`, `city`, `country`, `AddressId`, `address`, `address_details`) VALUES
('1', 'Ali', 'Younus', 1, '', '', 1, '923460030581', 'younus@saudaexpress.com', '0', '0', 1, 'House#90, st#02, liquatabad, Karachi', ''),
('d212c07377509593d7bd', NULL, NULL, NULL, NULL, NULL, 1, '923122264990', NULL, NULL, NULL, 0, '', ''),
('485870e402584d1430da', 'Younus', 'Mohammad', 0, '', '', 1, '03460030583', 'ysandeela@yahoo.com', 'Karachi', 'Pakistan', 0, 'house 1131', ';lkasjdf'),
('0aa31209685b637af3ee', NULL, NULL, NULL, NULL, NULL, 1, '923460030582', NULL, NULL, NULL, 0, '', ''),
('feca6d9196533682d359', '', 'Mk 004', 0, '', NULL, 1, '03460030584', 'mkmughal17@gmail.com', 'Karachi', 'Pakistan', 0, 'house 1131', 'lajsdlfkj'),
('69f7be32cb243175e656', '', 'Mughal007', 0, '', NULL, 1, '03460030586', 'mkmughal17@gmail.com', 'Karachi', 'Pakistan', 0, 'house 1131', ';alksdjf'),
('dd85877dfcef5226c9c5', 'Aamir', 'Muhammad', 0, '', '', 1, '03460030587', 'sandilaamir@gmail.com', 'Karachi', 'Pakistan', 0, 'house 1131', ';lkajsd;flkj'),
('b7b3bde542a1632f7f0d', NULL, NULL, NULL, NULL, NULL, 1, '923460030561', NULL, NULL, NULL, 0, '', ''),
('4d50106bfd5ab578634e', NULL, NULL, NULL, NULL, NULL, 1, '923458113142', NULL, NULL, NULL, 0, '', ''),
('3db0c3a36db1e14ef7c4', NULL, NULL, NULL, NULL, NULL, 1, '923460030451', NULL, NULL, NULL, 0, '', ''),
('0aefb5da0c06ad9fa8d5', NULL, NULL, NULL, NULL, NULL, 1, '923458118142', NULL, NULL, NULL, 0, '', ''),
('2e8e151e2435f01acc93', 'lkajs hf', 'jhasdlfk', NULL, NULL, '', 1, '923458113143', 'mkmughal005@mail.com', NULL, NULL, 0, '', ''),
('0f2f09017b707b0fb704', NULL, NULL, NULL, NULL, NULL, 1, '923460030584', NULL, NULL, NULL, 0, '', ''),
('e4bb14c6c48d39af2132', 'rehman', 'Abdul', NULL, NULL, '', 1, '923332349682', '9arrehman@gmail.com', NULL, NULL, 0, '', ''),
('d5ef841eb8bd2f2bf8a2', 'Aamir', 'Muhammad', NULL, NULL, '', 1, '923093868935', 'sandilaamir@gmail.com', NULL, NULL, 0, '', ''),
('ce7580823706e691a204', 'Alam', 'sfdsadf', NULL, NULL, '', 1, '923888888888', 'tste@ete.com', NULL, NULL, 0, '', ''),
('0687a5f1ca7e9d25ba91', NULL, NULL, NULL, NULL, NULL, 1, '923163887462', NULL, NULL, NULL, 0, '', ''),
('ba23a20bb064f3f0df48', 'Younus', 'Mohammad', NULL, NULL, '', 1, '923459236839', 'ysandeela@yahoo.com', NULL, NULL, 0, '', ''),
('861913d5a125034153ca', 'asdasd', 'asdas', NULL, NULL, '', 1, '923463332242', 'asdas@ads', NULL, NULL, 0, '', ''),
('21eff4b6edcf79eefe7d', NULL, NULL, NULL, NULL, NULL, 1, '923777777777', NULL, NULL, NULL, 0, '', ''),
('f82f73b00001e50aebea', NULL, NULL, NULL, NULL, NULL, 1, '923999999999', NULL, NULL, NULL, 0, '', '');

-- --------------------------------------------------------

--
-- Table structure for table `user_login`
--

CREATE TABLE `user_login` (
  `user_id` varchar(30) NOT NULL,
  `username` varchar(255) DEFAULT NULL,
  `password` varchar(255) DEFAULT NULL,
  `user_type` int(2) NOT NULL,
  `security_code` varchar(255) DEFAULT NULL,
  `status` int(2) NOT NULL
) ENGINE=MyISAM DEFAULT CHARSET=utf8;

--
-- Dumping data for table `user_login`
--

INSERT INTO `user_login` (`user_id`, `username`, `password`, `user_type`, `security_code`, `status`) VALUES
('1', 'grocery_admin@grocery.com', 'e10adc3949ba59abbe56e057f20f883e', 1, '', 1),
('485870e402584d1430da', '', 'e10adc3949ba59abbe56e057f20f883e', 1, '', 1),
('ad18b67943cb87181b68', 'mkmughal16@gmail.com', 'e10adc3949ba59abbe56e057f20f883e', 2, '', 1),
('feca6d9196533682d359', 'mkmughal17@gmail.com', 'e10adc3949ba59abbe56e057f20f883e', 2, '', 1),
('69f7be32cb243175e656', 'mkmughal17@gmail.com', 'e10adc3949ba59abbe56e057f20f883e', 2, '', 1),
('dd85877dfcef5226c9c5', '', 'e10adc3949ba59abbe56e057f20f883e', 1, '', 1),
('0e3bac51945804fa1d03', NULL, NULL, 1, NULL, 1),
('dc01b749b74f58d96516', NULL, NULL, 1, NULL, 1),
('10f11e97a72dcdeca477', NULL, NULL, 1, NULL, 1),
('5f3b1039dfcafae9dd53', NULL, NULL, 1, NULL, 1),
('0aa31209685b637af3ee', NULL, NULL, 1, NULL, 1),
('0aefb5da0c06ad9fa8d5', NULL, NULL, 1, NULL, 1),
('3db0c3a36db1e14ef7c4', NULL, NULL, 1, NULL, 1),
('4d50106bfd5ab578634e', NULL, NULL, 1, NULL, 1),
('b7b3bde542a1632f7f0d', NULL, NULL, 1, NULL, 1),
('2e8e151e2435f01acc93', '', NULL, 1, NULL, 1),
('0f2f09017b707b0fb704', NULL, NULL, 1, NULL, 1),
('e4bb14c6c48d39af2132', '', NULL, 1, NULL, 1),
('d5ef841eb8bd2f2bf8a2', '', NULL, 1, NULL, 1),
('ce7580823706e691a204', '', NULL, 1, NULL, 1),
('0687a5f1ca7e9d25ba91', NULL, NULL, 1, NULL, 1),
('ba23a20bb064f3f0df48', '', NULL, 1, NULL, 1),
('861913d5a125034153ca', '', NULL, 1, NULL, 1),
('d212c07377509593d7bd', NULL, NULL, 1, NULL, 1),
('21eff4b6edcf79eefe7d', NULL, NULL, 1, NULL, 1),
('f82f73b00001e50aebea', NULL, NULL, 1, NULL, 1);

-- --------------------------------------------------------

--
-- Table structure for table `web_setting`
--

CREATE TABLE `web_setting` (
  `setting_id` int(11) NOT NULL,
  `logo` varchar(255) DEFAULT NULL,
  `invoice_logo` varchar(255) DEFAULT NULL,
  `favicon` varchar(255) DEFAULT NULL,
  `currency` varchar(10) DEFAULT NULL,
  `currency_position` varchar(10) DEFAULT NULL,
  `footer_text` varchar(255) DEFAULT NULL,
  `home_page_cat` text NOT NULL,
  `delivery_charges` int(11) NOT NULL DEFAULT 0,
  `language` varchar(255) DEFAULT NULL,
  `rtr` varchar(255) DEFAULT NULL,
  `captcha` int(11) DEFAULT 1 COMMENT '0=active,1=inactive',
  `site_key` varchar(250) DEFAULT NULL,
  `secret_key` varchar(250) DEFAULT NULL,
  `discount_type` int(11) DEFAULT 1,
  `Status` bit(1) NOT NULL DEFAULT b'1'
) ENGINE=InnoDB DEFAULT CHARSET=utf8;

--
-- Dumping data for table `web_setting`
--

INSERT INTO `web_setting` (`setting_id`, `logo`, `invoice_logo`, `favicon`, `currency`, `currency_position`, `footer_text`, `home_page_cat`, `delivery_charges`, `language`, `rtr`, `captcha`, `site_key`, `secret_key`, `discount_type`, `Status`) VALUES
(1, '#', '#', '#', '', '1', '<p>info@saudaexpress.com, +92 318 2294472, Plot No. 30, Sector 26, Korangi Industrial Area, Karachi, Pakistan<br>Sauda Express  2020</p>', '[\"0\",\"177\",\"179\",\"12\",\"178\",\"180\",\"181\",\"182\",\"183\",\"184\",\"185\",\"186\",\"187\",\"188\",\"189\",\"190\"]', 100, 'english', '0', 1, '', '', 1, b'1');

--
-- Indexes for dumped tables
--

--
-- Indexes for table `grocery_assistant`
--
ALTER TABLE `grocery_assistant`
  ADD PRIMARY KEY (`AssistantId`),
  ADD KEY `CreatedOn` (`CreatedOn`);

--
-- Indexes for table `grocery_brand`
--
ALTER TABLE `grocery_brand`
  ADD PRIMARY KEY (`BrandId`),
  ADD KEY `BrandName` (`BrandName`),
  ADD KEY `Alias` (`Alias`);

--
-- Indexes for table `grocery_category`
--
ALTER TABLE `grocery_category`
  ADD PRIMARY KEY (`CategoryId`),
  ADD KEY `CatName` (`CatName`);

--
-- Indexes for table `grocery_order`
--
ALTER TABLE `grocery_order`
  ADD PRIMARY KEY (`OrderId`),
  ADD KEY `CustomerId` (`CustomerId`);

--
-- Indexes for table `grocery_order_detail`
--
ALTER TABLE `grocery_order_detail`
  ADD PRIMARY KEY (`OrderDetailId`),
  ADD KEY `OrderId` (`OrderId`);

--
-- Indexes for table `grocery_otp`
--
ALTER TABLE `grocery_otp`
  ADD PRIMARY KEY (`otp_id`);

--
-- Indexes for table `grocery_products`
--
ALTER TABLE `grocery_products`
  ADD PRIMARY KEY (`ProductId`),
  ADD KEY `FK_ProductCategory_GroceryCategoryId` (`Category`);

--
-- Indexes for table `grocery_traking_steps`
--
ALTER TABLE `grocery_traking_steps`
  ADD PRIMARY KEY (`StepId`);

--
-- Indexes for table `grocery_unit`
--
ALTER TABLE `grocery_unit`
  ADD PRIMARY KEY (`UnitId`);

--
-- Indexes for table `grocery_user_address`
--
ALTER TABLE `grocery_user_address`
  ADD PRIMARY KEY (`AddressId`),
  ADD KEY `UserId` (`UserId`);

--
-- Indexes for table `grocery_value`
--
ALTER TABLE `grocery_value`
  ADD PRIMARY KEY (`ValueId`);

--
-- Indexes for table `language`
--
ALTER TABLE `language`
  ADD PRIMARY KEY (`id`);

--
-- AUTO_INCREMENT for dumped tables
--

--
-- AUTO_INCREMENT for table `grocery_assistant`
--
ALTER TABLE `grocery_assistant`
  MODIFY `AssistantId` int(11) NOT NULL AUTO_INCREMENT, AUTO_INCREMENT=183;

--
-- AUTO_INCREMENT for table `grocery_brand`
--
ALTER TABLE `grocery_brand`
  MODIFY `BrandId` int(11) NOT NULL AUTO_INCREMENT, AUTO_INCREMENT=119;

--
-- AUTO_INCREMENT for table `grocery_category`
--
ALTER TABLE `grocery_category`
  MODIFY `CategoryId` int(11) NOT NULL AUTO_INCREMENT, AUTO_INCREMENT=319;

--
-- AUTO_INCREMENT for table `grocery_order`
--
ALTER TABLE `grocery_order`
  MODIFY `OrderId` int(11) NOT NULL AUTO_INCREMENT, AUTO_INCREMENT=81;

--
-- AUTO_INCREMENT for table `grocery_order_detail`
--
ALTER TABLE `grocery_order_detail`
  MODIFY `OrderDetailId` int(11) NOT NULL AUTO_INCREMENT, AUTO_INCREMENT=230;

--
-- AUTO_INCREMENT for table `grocery_otp`
--
ALTER TABLE `grocery_otp`
  MODIFY `otp_id` int(20) NOT NULL AUTO_INCREMENT, AUTO_INCREMENT=200;

--
-- AUTO_INCREMENT for table `grocery_products`
--
ALTER TABLE `grocery_products`
  MODIFY `ProductId` int(11) NOT NULL AUTO_INCREMENT, AUTO_INCREMENT=429;

--
-- AUTO_INCREMENT for table `grocery_traking_steps`
--
ALTER TABLE `grocery_traking_steps`
  MODIFY `StepId` int(11) NOT NULL AUTO_INCREMENT, AUTO_INCREMENT=8;

--
-- AUTO_INCREMENT for table `grocery_unit`
--
ALTER TABLE `grocery_unit`
  MODIFY `UnitId` int(11) NOT NULL AUTO_INCREMENT, AUTO_INCREMENT=30;

--
-- AUTO_INCREMENT for table `grocery_user_address`
--
ALTER TABLE `grocery_user_address`
  MODIFY `AddressId` int(11) NOT NULL AUTO_INCREMENT, AUTO_INCREMENT=35;

--
-- AUTO_INCREMENT for table `grocery_value`
--
ALTER TABLE `grocery_value`
  MODIFY `ValueId` int(11) NOT NULL AUTO_INCREMENT, AUTO_INCREMENT=94;

--
-- AUTO_INCREMENT for table `language`
--
ALTER TABLE `language`
  MODIFY `id` int(11) UNSIGNED NOT NULL AUTO_INCREMENT, AUTO_INCREMENT=577;

--
-- Constraints for dumped tables
--

--
-- Constraints for table `grocery_products`
--
ALTER TABLE `grocery_products`
  ADD CONSTRAINT `FK_ProductCategory_GroceryCategoryId` FOREIGN KEY (`Category`) REFERENCES `grocery_category` (`CategoryId`);
COMMIT;

/*!40101 SET CHARACTER_SET_CLIENT=@OLD_CHARACTER_SET_CLIENT */;
/*!40101 SET CHARACTER_SET_RESULTS=@OLD_CHARACTER_SET_RESULTS */;
/*!40101 SET COLLATION_CONNECTION=@OLD_COLLATION_CONNECTION */;
